-6,-4,96vaap0egxgxHbr3u0mseJ1/7H0=,NzoYUUYvPwO8WTyqPNyI42Bdjik=
-6,-5,96vaap0egxgxHbr3u0mseJ1/7H0=,xTOQuCFlymUINfX+8gw+vI6JMOM=
-7,-4,96vaap0egxgxHbr3u0mseJ1/7H0=,j5bb072OM1GSMou9cqKesPXW5B4=
-7,-5,96vaap0egxgxHbr3u0mseJ1/7H0=,j5bb072OM1GSMou9cqKesPXW5B4=
-7,-7,PpxHmmhixObP7MsL+7lHnwN4GLI=,I/OyZ1cArLQ5GtI/6hTFGcq2Yd0=
-6,-7,PpxHmmhixObP7MsL+7lHnwN4GLI=,5iplT//v2XeAKm2xs80/tltt0Ls=
-7,-6,JamBxW93r2ftvQMPesotT736l9U=,j5bb072OM1GSMou9cqKesPXW5B4=
-6,-6,JamBxW93r2ftvQMPesotT736l9U=,xTOQuCFlymUINfX+8gw+vI6JMOM=
-6,-8,JamBxW93r2ftvQMPesotT736l9U=,5iplT//v2XeAKm2xs80/tltt0Ls=
-6,-9,JamBxW93r2ftvQMPesotT736l9U=,h7UjGcsBSQCUEXWSAFKssdvEn7k=
-7,-8,JamBxW93r2ftvQMPesotT736l9U=,I/OyZ1cArLQ5GtI/6hTFGcq2Yd0=
-7,-9,JamBxW93r2ftvQMPesotT736l9U=,ZNXqgISRYaaqK09NCOxec1lzZmA=
-4,-9,41eoaWyxc8zrp4g4a8vVnU/1il0=,lyGvXPcH5mVist71KQQBBgU00fU=
-5,-9,41eoaWyxc8zrp4g4a8vVnU/1il0=,h7UjGcsBSQCUEXWSAFKssdvEn7k=
-4,-8,41eoaWyxc8zrp4g4a8vVnU/1il0=,8slcQymxsj5iDqNB8fi+A5ZhIk0=
-5,-8,41eoaWyxc8zrp4g4a8vVnU/1il0=,5iplT//v2XeAKm2xs80/tltt0Ls=
-5,-7,41eoaWyxc8zrp4g4a8vVnU/1il0=,5iplT//v2XeAKm2xs80/tltt0Ls=
-4,-6,41eoaWyxc8zrp4g4a8vVnU/1il0=,2dbkmYxldjSZkYJIL9Gj78IBYPY=
-4,-7,41eoaWyxc8zrp4g4a8vVnU/1il0=,8slcQymxsj5iDqNB8fi+A5ZhIk0=
-5,-6,41eoaWyxc8zrp4g4a8vVnU/1il0=,xTOQuCFlymUINfX+8gw+vI6JMOM=
-4,-13,VC/7N9uUKhJtiL4EizKidax2vHQ=,QSzyh/tgr/WxFovFdsaq8SIXL7c=
-5,-13,VC/7N9uUKhJtiL4EizKidax2vHQ=,KeI7eFlHUbTsBsc1zXksjCJMfDg=
-4,-12,VC/7N9uUKhJtiL4EizKidax2vHQ=,Q4hshADuz5ShC+9QwmpIIFiQStU=
-4,-11,VC/7N9uUKhJtiL4EizKidax2vHQ=,Q4hshADuz5ShC+9QwmpIIFiQStU=
-4,-10,VC/7N9uUKhJtiL4EizKidax2vHQ=,lyGvXPcH5mVist71KQQBBgU00fU=
-7,-10,VC/7N9uUKhJtiL4EizKidax2vHQ=,ZNXqgISRYaaqK09NCOxec1lzZmA=
-5,-12,VC/7N9uUKhJtiL4EizKidax2vHQ=,5CRN2QiPI5IdmJcreDBCG2XaWFI=
-5,-11,VC/7N9uUKhJtiL4EizKidax2vHQ=,5CRN2QiPI5IdmJcreDBCG2XaWFI=
-5,-10,VC/7N9uUKhJtiL4EizKidax2vHQ=,h7UjGcsBSQCUEXWSAFKssdvEn7k=
-7,-11,VC/7N9uUKhJtiL4EizKidax2vHQ=,yTsyjoIZAojk+cPrT27NGl63gW4=
-6,-11,VC/7N9uUKhJtiL4EizKidax2vHQ=,5CRN2QiPI5IdmJcreDBCG2XaWFI=
-7,-12,VC/7N9uUKhJtiL4EizKidax2vHQ=,yTsyjoIZAojk+cPrT27NGl63gW4=
-6,-10,VC/7N9uUKhJtiL4EizKidax2vHQ=,h7UjGcsBSQCUEXWSAFKssdvEn7k=
-6,-13,VC/7N9uUKhJtiL4EizKidax2vHQ=,KeI7eFlHUbTsBsc1zXksjCJMfDg=
-7,-13,VC/7N9uUKhJtiL4EizKidax2vHQ=,tLjlPht1lEwD7yeQEB/SuGL/oP4=
-7,-15,VC/7N9uUKhJtiL4EizKidax2vHQ=,bdJRW0Br6cw8dUmpxejwb03JfQk=
-7,-14,VC/7N9uUKhJtiL4EizKidax2vHQ=,tLjlPht1lEwD7yeQEB/SuGL/oP4=
-6,-14,VC/7N9uUKhJtiL4EizKidax2vHQ=,KeI7eFlHUbTsBsc1zXksjCJMfDg=
-6,-12,VC/7N9uUKhJtiL4EizKidax2vHQ=,5CRN2QiPI5IdmJcreDBCG2XaWFI=
-6,-15,VC/7N9uUKhJtiL4EizKidax2vHQ=,KeI7eFlHUbTsBsc1zXksjCJMfDg=
-12,-12,HKR2x1+MN8MQoVQjdE7fZ6CDlNI=,Uk/FLA6VmXpBk3IU/U838CVVIY8=
-13,-13,HKR2x1+MN8MQoVQjdE7fZ6CDlNI=,ascs6sn1ms55gORJ9hcJ0zeO078=
-13,-12,HKR2x1+MN8MQoVQjdE7fZ6CDlNI=,jbjeMUOTtROTs7A6/s9lD24rc6A=
-12,-13,HKR2x1+MN8MQoVQjdE7fZ6CDlNI=,3hH8ATRyKzLwO+CYtlaUAZkN5ZE=
-10,-12,HKR2x1+MN8MQoVQjdE7fZ6CDlNI=,erSECvcSKsteCs+JhCstWbcBFnk=
-11,-13,B9wfncqdPdwWxbXBTN+d8QADvJU=,3hH8ATRyKzLwO+CYtlaUAZkN5ZE=
-11,-12,B9wfncqdPdwWxbXBTN+d8QADvJU=,Uk/FLA6VmXpBk3IU/U838CVVIY8=
-8,-13,B9wfncqdPdwWxbXBTN+d8QADvJU=,tLjlPht1lEwD7yeQEB/SuGL/oP4=
-8,-12,B9wfncqdPdwWxbXBTN+d8QADvJU=,yTsyjoIZAojk+cPrT27NGl63gW4=
-9,-13,B9wfncqdPdwWxbXBTN+d8QADvJU=,LKxWFeyTlqUXoazyXnpt8Bv5z1g=
-10,-13,B9wfncqdPdwWxbXBTN+d8QADvJU=,LKxWFeyTlqUXoazyXnpt8Bv5z1g=
-9,-12,B9wfncqdPdwWxbXBTN+d8QADvJU=,erSECvcSKsteCs+JhCstWbcBFnk=
-8,-10,B9wfncqdPdwWxbXBTN+d8QADvJU=,ZNXqgISRYaaqK09NCOxec1lzZmA=
-11,-11,B9wfncqdPdwWxbXBTN+d8QADvJU=,Uk/FLA6VmXpBk3IU/U838CVVIY8=
-9,-8,B9wfncqdPdwWxbXBTN+d8QADvJU=,vRHGMaHihc9rHHSuF4WQoc8OaS0=
-10,-10,B9wfncqdPdwWxbXBTN+d8QADvJU=,ECyCuzOUCgEPCiTcUFfs7IORhwo=
-9,-11,YTh7M8nvnee8LicMnl0AqeJ6oS8=,erSECvcSKsteCs+JhCstWbcBFnk=
-11,-10,YTh7M8nvnee8LicMnl0AqeJ6oS8=,LHt8yPVvh07MnOlAjOu27tQ5jXM=
-9,-9,YTh7M8nvnee8LicMnl0AqeJ6oS8=,ECyCuzOUCgEPCiTcUFfs7IORhwo=
-10,-11,YTh7M8nvnee8LicMnl0AqeJ6oS8=,erSECvcSKsteCs+JhCstWbcBFnk=
-9,-10,YTh7M8nvnee8LicMnl0AqeJ6oS8=,ECyCuzOUCgEPCiTcUFfs7IORhwo=
-8,-9,YTh7M8nvnee8LicMnl0AqeJ6oS8=,ZNXqgISRYaaqK09NCOxec1lzZmA=
-8,-8,YTh7M8nvnee8LicMnl0AqeJ6oS8=,I/OyZ1cArLQ5GtI/6hTFGcq2Yd0=
-8,-11,YTh7M8nvnee8LicMnl0AqeJ6oS8=,yTsyjoIZAojk+cPrT27NGl63gW4=
-10,-8,YTh7M8nvnee8LicMnl0AqeJ6oS8=,vRHGMaHihc9rHHSuF4WQoc8OaS0=
-11,-9,YTh7M8nvnee8LicMnl0AqeJ6oS8=,LHt8yPVvh07MnOlAjOu27tQ5jXM=
-11,-8,YTh7M8nvnee8LicMnl0AqeJ6oS8=,dRnI4xSs+0IptH7hF34Rjm9z75Q=
-10,-9,YTh7M8nvnee8LicMnl0AqeJ6oS8=,ECyCuzOUCgEPCiTcUFfs7IORhwo=
-14,-5,kK72La8hAAsuzNpInEB9Cn1xoNs=,7GQTedQcTlchIKgI5PU9HcpbveU=
-15,-5,kK72La8hAAsuzNpInEB9Cn1xoNs=,aPSujUlKv/INGxAEEmFoaUCWc54=
-14,-4,kK72La8hAAsuzNpInEB9Cn1xoNs=,Zu9tmx2JeXONpRhixTdjNpwZ7QA=
-15,-4,kK72La8hAAsuzNpInEB9Cn1xoNs=,Y4j7fD0aXLWaZhS36aBBZHPQgrE=
-12,-7,j83X3/LEe9b5z0lYkl5jUbzdaB0=,dRnI4xSs+0IptH7hF34Rjm9z75Q=
-13,-6,j83X3/LEe9b5z0lYkl5jUbzdaB0=,7GQTedQcTlchIKgI5PU9HcpbveU=
-12,-4,j83X3/LEe9b5z0lYkl5jUbzdaB0=,P7G7EwzQV8p/ERg0wytA0//etgY=
-15,-2,j83X3/LEe9b5z0lYkl5jUbzdaB0=,vc6W8BFu9aTQTb6jO4j5MFjv3ck=
-13,-4,j83X3/LEe9b5z0lYkl5jUbzdaB0=,Zu9tmx2JeXONpRhixTdjNpwZ7QA=
-13,-5,j83X3/LEe9b5z0lYkl5jUbzdaB0=,7GQTedQcTlchIKgI5PU9HcpbveU=
-14,-2,j83X3/LEe9b5z0lYkl5jUbzdaB0=,geYlsopXdvlTr2WRzJn/XDNn4L0=
-12,-5,j83X3/LEe9b5z0lYkl5jUbzdaB0=,6neENO0f5dEn8RmYQSUxqyJP42g=
-12,-6,j83X3/LEe9b5z0lYkl5jUbzdaB0=,6neENO0f5dEn8RmYQSUxqyJP42g=
-13,-7,j83X3/LEe9b5z0lYkl5jUbzdaB0=,dRnI4xSs+0IptH7hF34Rjm9z75Q=
-14,-3,j83X3/LEe9b5z0lYkl5jUbzdaB0=,Zu9tmx2JeXONpRhixTdjNpwZ7QA=
-15,-3,j83X3/LEe9b5z0lYkl5jUbzdaB0=,Y4j7fD0aXLWaZhS36aBBZHPQgrE=
-10,-7,j83X3/LEe9b5z0lYkl5jUbzdaB0=,vRHGMaHihc9rHHSuF4WQoc8OaS0=
-13,-2,j83X3/LEe9b5z0lYkl5jUbzdaB0=,geYlsopXdvlTr2WRzJn/XDNn4L0=
-10,-6,j83X3/LEe9b5z0lYkl5jUbzdaB0=,vRHGMaHihc9rHHSuF4WQoc8OaS0=
-9,-6,j83X3/LEe9b5z0lYkl5jUbzdaB0=,vRHGMaHihc9rHHSuF4WQoc8OaS0=
-12,-3,j83X3/LEe9b5z0lYkl5jUbzdaB0=,P7G7EwzQV8p/ERg0wytA0//etgY=
-11,-7,j83X3/LEe9b5z0lYkl5jUbzdaB0=,dRnI4xSs+0IptH7hF34Rjm9z75Q=
-8,-6,j83X3/LEe9b5z0lYkl5jUbzdaB0=,j5bb072OM1GSMou9cqKesPXW5B4=
-12,-2,j83X3/LEe9b5z0lYkl5jUbzdaB0=,U35TJY87hLHdBqiw2cp3HZjsOVY=
-13,-3,j83X3/LEe9b5z0lYkl5jUbzdaB0=,Zu9tmx2JeXONpRhixTdjNpwZ7QA=
-11,-6,j83X3/LEe9b5z0lYkl5jUbzdaB0=,6neENO0f5dEn8RmYQSUxqyJP42g=
-9,-7,j83X3/LEe9b5z0lYkl5jUbzdaB0=,vRHGMaHihc9rHHSuF4WQoc8OaS0=
-8,-7,j83X3/LEe9b5z0lYkl5jUbzdaB0=,I/OyZ1cArLQ5GtI/6hTFGcq2Yd0=
-7,-3,mSWebDPVjJVPWSZKB7a1ocmOh0Y=,j5bb072OM1GSMou9cqKesPXW5B4=
-6,-2,LZuDO1HMl8XvY2teyVwLOhKkgOc=,NzoYUUYvPwO8WTyqPNyI42Bdjik=
-6,-3,FcgVxShrsXPK5JUnyy9AsKlkGiM=,NzoYUUYvPwO8WTyqPNyI42Bdjik=
-7,-2,FcgVxShrsXPK5JUnyy9AsKlkGiM=,7ADKNzTw1fWjJ8qJqlFEb05BMUY=
-11,-5,FcgVxShrsXPK5JUnyy9AsKlkGiM=,6neENO0f5dEn8RmYQSUxqyJP42g=
-9,-4,FcgVxShrsXPK5JUnyy9AsKlkGiM=,vRHGMaHihc9rHHSuF4WQoc8OaS0=
-8,-2,FcgVxShrsXPK5JUnyy9AsKlkGiM=,7ADKNzTw1fWjJ8qJqlFEb05BMUY=
-11,-3,FcgVxShrsXPK5JUnyy9AsKlkGiM=,P7G7EwzQV8p/ERg0wytA0//etgY=
-8,-4,FcgVxShrsXPK5JUnyy9AsKlkGiM=,j5bb072OM1GSMou9cqKesPXW5B4=
-10,-3,FcgVxShrsXPK5JUnyy9AsKlkGiM=,vRHGMaHihc9rHHSuF4WQoc8OaS0=
-9,-3,FcgVxShrsXPK5JUnyy9AsKlkGiM=,vRHGMaHihc9rHHSuF4WQoc8OaS0=
-8,-3,FcgVxShrsXPK5JUnyy9AsKlkGiM=,j5bb072OM1GSMou9cqKesPXW5B4=
-9,-5,FcgVxShrsXPK5JUnyy9AsKlkGiM=,vRHGMaHihc9rHHSuF4WQoc8OaS0=
-9,-2,FcgVxShrsXPK5JUnyy9AsKlkGiM=,f7C6cKENSbQEMya33XklFe7+gzg=
-10,-4,FcgVxShrsXPK5JUnyy9AsKlkGiM=,vRHGMaHihc9rHHSuF4WQoc8OaS0=
-11,-2,FcgVxShrsXPK5JUnyy9AsKlkGiM=,U35TJY87hLHdBqiw2cp3HZjsOVY=
-10,-2,FcgVxShrsXPK5JUnyy9AsKlkGiM=,f7C6cKENSbQEMya33XklFe7+gzg=
-10,-5,FcgVxShrsXPK5JUnyy9AsKlkGiM=,vRHGMaHihc9rHHSuF4WQoc8OaS0=
-11,-4,FcgVxShrsXPK5JUnyy9AsKlkGiM=,P7G7EwzQV8p/ERg0wytA0//etgY=
-8,-5,FcgVxShrsXPK5JUnyy9AsKlkGiM=,j5bb072OM1GSMou9cqKesPXW5B4=
-4,-5,FcgVxShrsXPK5JUnyy9AsKlkGiM=,2dbkmYxldjSZkYJIL9Gj78IBYPY=
-5,-5,gUMg8/Nbkp/njGoTAbSB5mrUIP4=,xTOQuCFlymUINfX+8gw+vI6JMOM=
-5,-4,gUMg8/Nbkp/njGoTAbSB5mrUIP4=,NzoYUUYvPwO8WTyqPNyI42Bdjik=
-5,-3,gUMg8/Nbkp/njGoTAbSB5mrUIP4=,NzoYUUYvPwO8WTyqPNyI42Bdjik=
-5,-2,gUMg8/Nbkp/njGoTAbSB5mrUIP4=,NzoYUUYvPwO8WTyqPNyI42Bdjik=
-4,-3,gUMg8/Nbkp/njGoTAbSB5mrUIP4=,FNyMBuDDvQOdxbXUR5KYIRvBV+0=
-4,-4,gUMg8/Nbkp/njGoTAbSB5mrUIP4=,FNyMBuDDvQOdxbXUR5KYIRvBV+0=
-4,-2,gUMg8/Nbkp/njGoTAbSB5mrUIP4=,JjJJj2Xl3fR2S6wD5Gpbqp13xDA=
-2,-5,gUMg8/Nbkp/njGoTAbSB5mrUIP4=,BpzMPDWElso0eMpAOXh8C77p47M=
-2,-4,gUMg8/Nbkp/njGoTAbSB5mrUIP4=,mzvM4I/+Y/cda883guDY0ZaVatU=
-3,-4,gUMg8/Nbkp/njGoTAbSB5mrUIP4=,FNyMBuDDvQOdxbXUR5KYIRvBV+0=
-3,-5,gUMg8/Nbkp/njGoTAbSB5mrUIP4=,2dbkmYxldjSZkYJIL9Gj78IBYPY=
-2,-6,gUMg8/Nbkp/njGoTAbSB5mrUIP4=,BpzMPDWElso0eMpAOXh8C77p47M=
-3,-7,Lfe2gsIiu6QkcPWqBFPO5Qq2SY4=,8slcQymxsj5iDqNB8fi+A5ZhIk0=
-3,-6,Lfe2gsIiu6QkcPWqBFPO5Qq2SY4=,2dbkmYxldjSZkYJIL9Gj78IBYPY=
-2,-7,Lfe2gsIiu6QkcPWqBFPO5Qq2SY4=,RpwjptgqePwI/bGPco+kWL4bN1g=
-2,-9,Lfe2gsIiu6QkcPWqBFPO5Qq2SY4=,+6JrkwhbjK/v4OY2SYDoeWX22zI=
-3,-8,Lfe2gsIiu6QkcPWqBFPO5Qq2SY4=,8slcQymxsj5iDqNB8fi+A5ZhIk0=
-3,-9,Lfe2gsIiu6QkcPWqBFPO5Qq2SY4=,lyGvXPcH5mVist71KQQBBgU00fU=
-2,-8,ZtvHlAjxNVK3gD6Z2Up3oWrCsVM=,RpwjptgqePwI/bGPco+kWL4bN1g=
-3,-11,ZtvHlAjxNVK3gD6Z2Up3oWrCsVM=,Q4hshADuz5ShC+9QwmpIIFiQStU=
-3,-10,ZtvHlAjxNVK3gD6Z2Up3oWrCsVM=,lyGvXPcH5mVist71KQQBBgU00fU=
-2,-13,ZtvHlAjxNVK3gD6Z2Up3oWrCsVM=,wU15u6M6lupnAYoMKuin8jB2xik=
-2,-11,ZtvHlAjxNVK3gD6Z2Up3oWrCsVM=,AWFpAuZ+9y+udxpmKpmJ5iAVkQU=
-2,-10,ZtvHlAjxNVK3gD6Z2Up3oWrCsVM=,+6JrkwhbjK/v4OY2SYDoeWX22zI=
-3,-13,ZtvHlAjxNVK3gD6Z2Up3oWrCsVM=,QSzyh/tgr/WxFovFdsaq8SIXL7c=
-2,-12,ZtvHlAjxNVK3gD6Z2Up3oWrCsVM=,AWFpAuZ+9y+udxpmKpmJ5iAVkQU=
-3,-12,ZtvHlAjxNVK3gD6Z2Up3oWrCsVM=,Q4hshADuz5ShC+9QwmpIIFiQStU=
-3,-14,ZtvHlAjxNVK3gD6Z2Up3oWrCsVM=,QSzyh/tgr/WxFovFdsaq8SIXL7c=
-2,-14,ZtvHlAjxNVK3gD6Z2Up3oWrCsVM=,wU15u6M6lupnAYoMKuin8jB2xik=
-5,-14,ZtvHlAjxNVK3gD6Z2Up3oWrCsVM=,KeI7eFlHUbTsBsc1zXksjCJMfDg=
-3,-15,ZtvHlAjxNVK3gD6Z2Up3oWrCsVM=,RhdCsOIhkDyhw0Cpsaqm//uqKY4=
-4,-15,ZtvHlAjxNVK3gD6Z2Up3oWrCsVM=,RhdCsOIhkDyhw0Cpsaqm//uqKY4=
-4,-14,ZtvHlAjxNVK3gD6Z2Up3oWrCsVM=,QSzyh/tgr/WxFovFdsaq8SIXL7c=
-5,-15,ZtvHlAjxNVK3gD6Z2Up3oWrCsVM=,KeI7eFlHUbTsBsc1zXksjCJMfDg=
-2,-15,ZtvHlAjxNVK3gD6Z2Up3oWrCsVM=,pPd/jOlFKmFFRzmj8oEcuBG1HRs=
-3,-16,ZtvHlAjxNVK3gD6Z2Up3oWrCsVM=,RhdCsOIhkDyhw0Cpsaqm//uqKY4=
-2,-16,ZtvHlAjxNVK3gD6Z2Up3oWrCsVM=,pPd/jOlFKmFFRzmj8oEcuBG1HRs=
-4,-16,ZtvHlAjxNVK3gD6Z2Up3oWrCsVM=,RhdCsOIhkDyhw0Cpsaqm//uqKY4=
-5,-16,ZtvHlAjxNVK3gD6Z2Up3oWrCsVM=,KeI7eFlHUbTsBsc1zXksjCJMfDg=
-7,-16,ZtvHlAjxNVK3gD6Z2Up3oWrCsVM=,bdJRW0Br6cw8dUmpxejwb03JfQk=
-6,-16,ZtvHlAjxNVK3gD6Z2Up3oWrCsVM=,KeI7eFlHUbTsBsc1zXksjCJMfDg=
-8,-15,57KXkaLurDELL65OfPQboS48RYI=,bdJRW0Br6cw8dUmpxejwb03JfQk=
-9,-14,57KXkaLurDELL65OfPQboS48RYI=,LKxWFeyTlqUXoazyXnpt8Bv5z1g=
-8,-14,57KXkaLurDELL65OfPQboS48RYI=,tLjlPht1lEwD7yeQEB/SuGL/oP4=
-14,-14,57KXkaLurDELL65OfPQboS48RYI=,ascs6sn1ms55gORJ9hcJ0zeO078=
-9,-15,57KXkaLurDELL65OfPQboS48RYI=,Un7yAjGHiCBvfb9PtyG5F7t5DDs=
-12,-14,57KXkaLurDELL65OfPQboS48RYI=,3hH8ATRyKzLwO+CYtlaUAZkN5ZE=
-15,-15,57KXkaLurDELL65OfPQboS48RYI=,W46ZbWK1H0UAXhAM3mjm2KdjGK4=
-15,-16,57KXkaLurDELL65OfPQboS48RYI=,W46ZbWK1H0UAXhAM3mjm2KdjGK4=
-14,-15,57KXkaLurDELL65OfPQboS48RYI=,eSTBHUtkJyQdvwEbQEEvcvEdzfo=
-11,-14,57KXkaLurDELL65OfPQboS48RYI=,3hH8ATRyKzLwO+CYtlaUAZkN5ZE=
-15,-14,57KXkaLurDELL65OfPQboS48RYI=,Qd249oLzGvYYBJsT7WHMn84qoDQ=
-13,-16,57KXkaLurDELL65OfPQboS48RYI=,eSTBHUtkJyQdvwEbQEEvcvEdzfo=
-11,-15,57KXkaLurDELL65OfPQboS48RYI=,0GKCBqULcCYSH0hNqWgG+M6nrOg=
-10,-14,57KXkaLurDELL65OfPQboS48RYI=,LKxWFeyTlqUXoazyXnpt8Bv5z1g=
-13,-14,57KXkaLurDELL65OfPQboS48RYI=,ascs6sn1ms55gORJ9hcJ0zeO078=
-12,-15,57KXkaLurDELL65OfPQboS48RYI=,0GKCBqULcCYSH0hNqWgG+M6nrOg=
-14,-16,57KXkaLurDELL65OfPQboS48RYI=,eSTBHUtkJyQdvwEbQEEvcvEdzfo=
-10,-15,57KXkaLurDELL65OfPQboS48RYI=,Un7yAjGHiCBvfb9PtyG5F7t5DDs=
-13,-15,57KXkaLurDELL65OfPQboS48RYI=,eSTBHUtkJyQdvwEbQEEvcvEdzfo=
-12,-16,57KXkaLurDELL65OfPQboS48RYI=,0GKCBqULcCYSH0hNqWgG+M6nrOg=
-13,-1,Mnra4A25bfXysQIobprV6s1KF88=,geYlsopXdvlTr2WRzJn/XDNn4L0=
-8,-16,Mnra4A25bfXysQIobprV6s1KF88=,bdJRW0Br6cw8dUmpxejwb03JfQk=
-14,-1,Mnra4A25bfXysQIobprV6s1KF88=,geYlsopXdvlTr2WRzJn/XDNn4L0=
-12,-1,Mnra4A25bfXysQIobprV6s1KF88=,U35TJY87hLHdBqiw2cp3HZjsOVY=
-11,-1,Mnra4A25bfXysQIobprV6s1KF88=,U35TJY87hLHdBqiw2cp3HZjsOVY=
-11,-16,Mnra4A25bfXysQIobprV6s1KF88=,0GKCBqULcCYSH0hNqWgG+M6nrOg=
-10,-1,Mnra4A25bfXysQIobprV6s1KF88=,f7C6cKENSbQEMya33XklFe7+gzg=
-15,-1,Mnra4A25bfXysQIobprV6s1KF88=,vc6W8BFu9aTQTb6jO4j5MFjv3ck=
-10,-16,Mnra4A25bfXysQIobprV6s1KF88=,Un7yAjGHiCBvfb9PtyG5F7t5DDs=
-9,-16,Mnra4A25bfXysQIobprV6s1KF88=,Un7yAjGHiCBvfb9PtyG5F7t5DDs=
-5,-1,6foHLpqtzeFXohhwbRd+tgK31bM=,NzoYUUYvPwO8WTyqPNyI42Bdjik=
-4,-1,6foHLpqtzeFXohhwbRd+tgK31bM=,JjJJj2Xl3fR2S6wD5Gpbqp13xDA=
-9,-1,6foHLpqtzeFXohhwbRd+tgK31bM=,f7C6cKENSbQEMya33XklFe7+gzg=
-6,-1,6foHLpqtzeFXohhwbRd+tgK31bM=,NzoYUUYvPwO8WTyqPNyI42Bdjik=
-8,-1,6foHLpqtzeFXohhwbRd+tgK31bM=,7ADKNzTw1fWjJ8qJqlFEb05BMUY=
-7,-1,6foHLpqtzeFXohhwbRd+tgK31bM=,7ADKNzTw1fWjJ8qJqlFEb05BMUY=
-1,-5,6foHLpqtzeFXohhwbRd+tgK31bM=,BpzMPDWElso0eMpAOXh8C77p47M=
-1,-4,6foHLpqtzeFXohhwbRd+tgK31bM=,mzvM4I/+Y/cda883guDY0ZaVatU=
-2,-3,6foHLpqtzeFXohhwbRd+tgK31bM=,mzvM4I/+Y/cda883guDY0ZaVatU=
-1,-3,6foHLpqtzeFXohhwbRd+tgK31bM=,mzvM4I/+Y/cda883guDY0ZaVatU=
-3,-2,6foHLpqtzeFXohhwbRd+tgK31bM=,JjJJj2Xl3fR2S6wD5Gpbqp13xDA=
-3,-3,6foHLpqtzeFXohhwbRd+tgK31bM=,FNyMBuDDvQOdxbXUR5KYIRvBV+0=
-2,-2,6foHLpqtzeFXohhwbRd+tgK31bM=,gINqKCPrK0xFNZF4m2wDThox9Dc=
-1,-2,6foHLpqtzeFXohhwbRd+tgK31bM=,gINqKCPrK0xFNZF4m2wDThox9Dc=
-2,-1,6foHLpqtzeFXohhwbRd+tgK31bM=,gINqKCPrK0xFNZF4m2wDThox9Dc=
-3,-1,6foHLpqtzeFXohhwbRd+tgK31bM=,JjJJj2Xl3fR2S6wD5Gpbqp13xDA=
-1,-6,6foHLpqtzeFXohhwbRd+tgK31bM=,BpzMPDWElso0eMpAOXh8C77p47M=
-1,-7,6foHLpqtzeFXohhwbRd+tgK31bM=,RpwjptgqePwI/bGPco+kWL4bN1g=
-1,-11,6foHLpqtzeFXohhwbRd+tgK31bM=,AWFpAuZ+9y+udxpmKpmJ5iAVkQU=
-1,-9,6foHLpqtzeFXohhwbRd+tgK31bM=,+6JrkwhbjK/v4OY2SYDoeWX22zI=
-1,-8,6foHLpqtzeFXohhwbRd+tgK31bM=,RpwjptgqePwI/bGPco+kWL4bN1g=
-1,-13,6foHLpqtzeFXohhwbRd+tgK31bM=,wU15u6M6lupnAYoMKuin8jB2xik=
-1,-10,6foHLpqtzeFXohhwbRd+tgK31bM=,+6JrkwhbjK/v4OY2SYDoeWX22zI=
-1,-12,6foHLpqtzeFXohhwbRd+tgK31bM=,AWFpAuZ+9y+udxpmKpmJ5iAVkQU=
-1,-14,hNNTN2bYaMgWLJma9RGcqt4MfkA=,wU15u6M6lupnAYoMKuin8jB2xik=
-1,-15,hNNTN2bYaMgWLJma9RGcqt4MfkA=,pPd/jOlFKmFFRzmj8oEcuBG1HRs=
-1,-16,hNNTN2bYaMgWLJma9RGcqt4MfkA=,pPd/jOlFKmFFRzmj8oEcuBG1HRs=
-16,-5,hNNTN2bYaMgWLJma9RGcqt4MfkA=,aPSujUlKv/INGxAEEmFoaUCWc54=
-16,-2,hNNTN2bYaMgWLJma9RGcqt4MfkA=,vc6W8BFu9aTQTb6jO4j5MFjv3ck=
-16,-3,hNNTN2bYaMgWLJma9RGcqt4MfkA=,Y4j7fD0aXLWaZhS36aBBZHPQgrE=
-16,-4,hNNTN2bYaMgWLJma9RGcqt4MfkA=,Y4j7fD0aXLWaZhS36aBBZHPQgrE=
-14,-6,hNNTN2bYaMgWLJma9RGcqt4MfkA=,7GQTedQcTlchIKgI5PU9HcpbveU=
-15,-6,hNNTN2bYaMgWLJma9RGcqt4MfkA=,aPSujUlKv/INGxAEEmFoaUCWc54=
-14,-7,hNNTN2bYaMgWLJma9RGcqt4MfkA=,dRnI4xSs+0IptH7hF34Rjm9z75Q=
-15,-7,hNNTN2bYaMgWLJma9RGcqt4MfkA=,yzdwesMgv6DT0A9m7j4XwcEhP0Q=
-16,-7,+2txpcnj4n85eOeu684X1J8DyaU=,yzdwesMgv6DT0A9m7j4XwcEhP0Q=
-16,-6,+2txpcnj4n85eOeu684X1J8DyaU=,aPSujUlKv/INGxAEEmFoaUCWc54=
-16,-15,lXdLYfZz0ZeNUSwRr9IlrxNdALY=,W46ZbWK1H0UAXhAM3mjm2KdjGK4=
-16,-14,lXdLYfZz0ZeNUSwRr9IlrxNdALY=,Qd249oLzGvYYBJsT7WHMn84qoDQ=
-12,-10,lXdLYfZz0ZeNUSwRr9IlrxNdALY=,LHt8yPVvh07MnOlAjOu27tQ5jXM=
-13,-9,lXdLYfZz0ZeNUSwRr9IlrxNdALY=,IitCsnyDpxwD+QuMQC/W7s9Zk8Q=
-15,-12,lXdLYfZz0ZeNUSwRr9IlrxNdALY=,gl7NbB92xfUKcl0ytp4U+7nZv0A=
-13,-8,lXdLYfZz0ZeNUSwRr9IlrxNdALY=,dRnI4xSs+0IptH7hF34Rjm9z75Q=
-16,-13,lXdLYfZz0ZeNUSwRr9IlrxNdALY=,Qd249oLzGvYYBJsT7WHMn84qoDQ=
-12,-11,lXdLYfZz0ZeNUSwRr9IlrxNdALY=,Uk/FLA6VmXpBk3IU/U838CVVIY8=
-15,-13,lXdLYfZz0ZeNUSwRr9IlrxNdALY=,Qd249oLzGvYYBJsT7WHMn84qoDQ=
-16,-12,lXdLYfZz0ZeNUSwRr9IlrxNdALY=,gl7NbB92xfUKcl0ytp4U+7nZv0A=
-14,-9,lXdLYfZz0ZeNUSwRr9IlrxNdALY=,IitCsnyDpxwD+QuMQC/W7s9Zk8Q=
-16,-11,lXdLYfZz0ZeNUSwRr9IlrxNdALY=,gl7NbB92xfUKcl0ytp4U+7nZv0A=
-12,-8,lXdLYfZz0ZeNUSwRr9IlrxNdALY=,dRnI4xSs+0IptH7hF34Rjm9z75Q=
-12,-9,lXdLYfZz0ZeNUSwRr9IlrxNdALY=,LHt8yPVvh07MnOlAjOu27tQ5jXM=
-14,-13,lXdLYfZz0ZeNUSwRr9IlrxNdALY=,ascs6sn1ms55gORJ9hcJ0zeO078=
-14,-10,lXdLYfZz0ZeNUSwRr9IlrxNdALY=,IitCsnyDpxwD+QuMQC/W7s9Zk8Q=
-15,-8,lXdLYfZz0ZeNUSwRr9IlrxNdALY=,yzdwesMgv6DT0A9m7j4XwcEhP0Q=
-13,-10,lXdLYfZz0ZeNUSwRr9IlrxNdALY=,IitCsnyDpxwD+QuMQC/W7s9Zk8Q=
-16,-8,lXdLYfZz0ZeNUSwRr9IlrxNdALY=,yzdwesMgv6DT0A9m7j4XwcEhP0Q=
-16,-10,lXdLYfZz0ZeNUSwRr9IlrxNdALY=,cStj+KX/eHKLxhxlowRSJREEodI=
-14,-8,lXdLYfZz0ZeNUSwRr9IlrxNdALY=,dRnI4xSs+0IptH7hF34Rjm9z75Q=
-16,-9,lXdLYfZz0ZeNUSwRr9IlrxNdALY=,cStj+KX/eHKLxhxlowRSJREEodI=
-14,-11,lXdLYfZz0ZeNUSwRr9IlrxNdALY=,jbjeMUOTtROTs7A6/s9lD24rc6A=
-13,-11,lXdLYfZz0ZeNUSwRr9IlrxNdALY=,jbjeMUOTtROTs7A6/s9lD24rc6A=
-15,-9,lXdLYfZz0ZeNUSwRr9IlrxNdALY=,cStj+KX/eHKLxhxlowRSJREEodI=
-14,-12,lXdLYfZz0ZeNUSwRr9IlrxNdALY=,jbjeMUOTtROTs7A6/s9lD24rc6A=
-15,-11,lXdLYfZz0ZeNUSwRr9IlrxNdALY=,gl7NbB92xfUKcl0ytp4U+7nZv0A=
-15,-10,lXdLYfZz0ZeNUSwRr9IlrxNdALY=,cStj+KX/eHKLxhxlowRSJREEodI=
-16,-1,lXdLYfZz0ZeNUSwRr9IlrxNdALY=,vc6W8BFu9aTQTb6jO4j5MFjv3ck=
-16,-16,lXdLYfZz0ZeNUSwRr9IlrxNdALY=,W46ZbWK1H0UAXhAM3mjm2KdjGK4=
-1,-1,lXdLYfZz0ZeNUSwRr9IlrxNdALY=,gINqKCPrK0xFNZF4m2wDThox9Dc=
-10,-30,bi3krPm826Yc6fD2CTQSrTUgqNc=,CiZ4VpiY8DNHycFZBOmip3IcG2w=
-14,-29,bi3krPm826Yc6fD2CTQSrTUgqNc=,3Cc9BJ7ONqkwZ56gBJUUYFUWIJg=
-9,-30,bi3krPm826Yc6fD2CTQSrTUgqNc=,CiZ4VpiY8DNHycFZBOmip3IcG2w=
-3,-20,bYbT7fbJrubsju4VZAuWuXcOM7g=,nA+lJfP1ye4S72EryJkmAPix2qI=
-2,-20,bYbT7fbJrubsju4VZAuWuXcOM7g=,+nJUBZw32mxJwZ0FjHXz/lXmYnE=
-3,-21,bYbT7fbJrubsju4VZAuWuXcOM7g=,aEcfZkQKWvQJiVJ5ULB5Ka5eM7Q=
-2,-21,bYbT7fbJrubsju4VZAuWuXcOM7g=,HnEye2nyKeChSF3jijb4PtmUs9A=
-5,-21,alQ4bwLMnyrnUZkvQP3Cn+v7Fko=,p3Z9PbEQ+D+0kx/ULLCiFQlVruw=
-4,-20,alQ4bwLMnyrnUZkvQP3Cn+v7Fko=,nA+lJfP1ye4S72EryJkmAPix2qI=
-4,-21,alQ4bwLMnyrnUZkvQP3Cn+v7Fko=,aEcfZkQKWvQJiVJ5ULB5Ka5eM7Q=
-5,-20,alQ4bwLMnyrnUZkvQP3Cn+v7Fko=,k9dod7SPe+8vEZ/FnZPwE9ni4rQ=
-6,-20,23sFJgLs+6RA/y9IpjHZ+2LVorc=,k9dod7SPe+8vEZ/FnZPwE9ni4rQ=
-7,-20,23sFJgLs+6RA/y9IpjHZ+2LVorc=,aUMFAMhwDTWYcDTXmmXvPWDq5Ts=
-7,-21,23sFJgLs+6RA/y9IpjHZ+2LVorc=,t1GGwhKf+VAUk2xjqZ0cQN0bFec=
-6,-21,23sFJgLs+6RA/y9IpjHZ+2LVorc=,p3Z9PbEQ+D+0kx/ULLCiFQlVruw=
-6,-18,PFUtbcB+GRmwaAsjPAxJT6dG5BM=,1cF/xHCstMSx645XjBHvb7A1zi4=
-7,-19,PFUtbcB+GRmwaAsjPAxJT6dG5BM=,aUMFAMhwDTWYcDTXmmXvPWDq5Ts=
-7,-18,PFUtbcB+GRmwaAsjPAxJT6dG5BM=,P85x3JcGfUs8H6MuFJgeBB26+wg=
-6,-19,PFUtbcB+GRmwaAsjPAxJT6dG5BM=,k9dod7SPe+8vEZ/FnZPwE9ni4rQ=
-9,-20,5NtJ1Cw0Mi5j9jg2pCOSJMZZODo=,2XIU15POUS33JXqrdYMfxMo1Ry0=
-8,-21,5NtJ1Cw0Mi5j9jg2pCOSJMZZODo=,t1GGwhKf+VAUk2xjqZ0cQN0bFec=
-8,-20,5NtJ1Cw0Mi5j9jg2pCOSJMZZODo=,aUMFAMhwDTWYcDTXmmXvPWDq5Ts=
-9,-21,5NtJ1Cw0Mi5j9jg2pCOSJMZZODo=,HRq+1bMd19G/L5gPN+l1StnhEmM=
-8,-19,wqUsyDRIY1yv3lkyDTyMopAbeWU=,aUMFAMhwDTWYcDTXmmXvPWDq5Ts=
-8,-18,wqUsyDRIY1yv3lkyDTyMopAbeWU=,P85x3JcGfUs8H6MuFJgeBB26+wg=
-9,-18,wqUsyDRIY1yv3lkyDTyMopAbeWU=,UxiW7td9I69Suuer2XhJ8+a6LJY=
-9,-19,wqUsyDRIY1yv3lkyDTyMopAbeWU=,2XIU15POUS33JXqrdYMfxMo1Ry0=
-11,-19,wqUsyDRIY1yv3lkyDTyMopAbeWU=,bJ21MsjNpAaTLkUJVa/L6RfRw0Q=
-10,-19,wqUsyDRIY1yv3lkyDTyMopAbeWU=,2XIU15POUS33JXqrdYMfxMo1Ry0=
-10,-18,wqUsyDRIY1yv3lkyDTyMopAbeWU=,UxiW7td9I69Suuer2XhJ8+a6LJY=
-10,-21,wqUsyDRIY1yv3lkyDTyMopAbeWU=,HRq+1bMd19G/L5gPN+l1StnhEmM=
-11,-21,wqUsyDRIY1yv3lkyDTyMopAbeWU=,B4LJZM8mjQatFnsvmbkI/e5V4cU=
-11,-20,wqUsyDRIY1yv3lkyDTyMopAbeWU=,bJ21MsjNpAaTLkUJVa/L6RfRw0Q=
-11,-18,wqUsyDRIY1yv3lkyDTyMopAbeWU=,dkw3/Z+CbHu1xvPzrHNUXCgpG/Q=
-10,-20,wqUsyDRIY1yv3lkyDTyMopAbeWU=,2XIU15POUS33JXqrdYMfxMo1Ry0=
-12,-20,GG4fHqi6c0fXRngY3oMb/Z2qjf4=,bJ21MsjNpAaTLkUJVa/L6RfRw0Q=
-12,-21,q4u/fWgFq4eTrnWLDpUvWpPiypo=,B4LJZM8mjQatFnsvmbkI/e5V4cU=
-12,-19,q4u/fWgFq4eTrnWLDpUvWpPiypo=,bJ21MsjNpAaTLkUJVa/L6RfRw0Q=
-13,-21,q4u/fWgFq4eTrnWLDpUvWpPiypo=,HognnbL9hMikF7aEZiTOw+TPo/E=
-13,-20,q4u/fWgFq4eTrnWLDpUvWpPiypo=,MX9SgGqtYxwBkjS7B8mYVBNnXqA=
-14,-19,q4u/fWgFq4eTrnWLDpUvWpPiypo=,MX9SgGqtYxwBkjS7B8mYVBNnXqA=
-13,-19,q4u/fWgFq4eTrnWLDpUvWpPiypo=,MX9SgGqtYxwBkjS7B8mYVBNnXqA=
-12,-18,q4u/fWgFq4eTrnWLDpUvWpPiypo=,dkw3/Z+CbHu1xvPzrHNUXCgpG/Q=
-15,-18,q4u/fWgFq4eTrnWLDpUvWpPiypo=,MX9SgGqtYxwBkjS7B8mYVBNnXqA=
-15,-19,q4u/fWgFq4eTrnWLDpUvWpPiypo=,KC5rsKCStkK1ZMvJv8TkrZcNl70=
-14,-18,q4u/fWgFq4eTrnWLDpUvWpPiypo=,JfPsRhcTnQdVtRRX8M6/zhQ34Fc=
-13,-18,q4u/fWgFq4eTrnWLDpUvWpPiypo=,JfPsRhcTnQdVtRRX8M6/zhQ34Fc=
-14,-20,q4u/fWgFq4eTrnWLDpUvWpPiypo=,MX9SgGqtYxwBkjS7B8mYVBNnXqA=
-15,-20,q4u/fWgFq4eTrnWLDpUvWpPiypo=,KC5rsKCStkK1ZMvJv8TkrZcNl70=
-14,-21,q4u/fWgFq4eTrnWLDpUvWpPiypo=,HognnbL9hMikF7aEZiTOw+TPo/E=
-15,-21,q4u/fWgFq4eTrnWLDpUvWpPiypo=,pAXSX1eJXTPyMU8M5a8iowepf5A=
-15,-22,q4u/fWgFq4eTrnWLDpUvWpPiypo=,pAXSX1eJXTPyMU8M5a8iowepf5A=
-14,-23,q4u/fWgFq4eTrnWLDpUvWpPiypo=,0ZTiK9kj1zW/BSBMlzva3xFQVz0=
-14,-22,q4u/fWgFq4eTrnWLDpUvWpPiypo=,HognnbL9hMikF7aEZiTOw+TPo/E=
-15,-23,q4u/fWgFq4eTrnWLDpUvWpPiypo=,fSUvsMZPEJ7Syq96N0OO53H+mb8=
-12,-23,q4u/fWgFq4eTrnWLDpUvWpPiypo=,h4cuJCyCTW0GNLdauT2Q4S0Z6ww=
-11,-23,q4u/fWgFq4eTrnWLDpUvWpPiypo=,h4cuJCyCTW0GNLdauT2Q4S0Z6ww=
-13,-23,q4u/fWgFq4eTrnWLDpUvWpPiypo=,0ZTiK9kj1zW/BSBMlzva3xFQVz0=
-10,-22,q4u/fWgFq4eTrnWLDpUvWpPiypo=,HRq+1bMd19G/L5gPN+l1StnhEmM=
-8,-23,q4u/fWgFq4eTrnWLDpUvWpPiypo=,VijaZufIbNAJwtf/llhaF+V+BcY=
-8,-22,q4u/fWgFq4eTrnWLDpUvWpPiypo=,t1GGwhKf+VAUk2xjqZ0cQN0bFec=
-9,-22,q4u/fWgFq4eTrnWLDpUvWpPiypo=,HRq+1bMd19G/L5gPN+l1StnhEmM=
-11,-22,q4u/fWgFq4eTrnWLDpUvWpPiypo=,B4LJZM8mjQatFnsvmbkI/e5V4cU=
-12,-22,q4u/fWgFq4eTrnWLDpUvWpPiypo=,B4LJZM8mjQatFnsvmbkI/e5V4cU=
-13,-22,q4u/fWgFq4eTrnWLDpUvWpPiypo=,HognnbL9hMikF7aEZiTOw+TPo/E=
-7,-23,q4u/fWgFq4eTrnWLDpUvWpPiypo=,VijaZufIbNAJwtf/llhaF+V+BcY=
-7,-22,q4u/fWgFq4eTrnWLDpUvWpPiypo=,t1GGwhKf+VAUk2xjqZ0cQN0bFec=
-6,-22,q4u/fWgFq4eTrnWLDpUvWpPiypo=,p3Z9PbEQ+D+0kx/ULLCiFQlVruw=
-6,-17,LX/tYte+jT/jdNUfYRUxxS8nJKE=,1cF/xHCstMSx645XjBHvb7A1zi4=
-7,-17,LX/tYte+jT/jdNUfYRUxxS8nJKE=,P85x3JcGfUs8H6MuFJgeBB26+wg=
-8,-17,LX/tYte+jT/jdNUfYRUxxS8nJKE=,P85x3JcGfUs8H6MuFJgeBB26+wg=
-9,-17,LX/tYte+jT/jdNUfYRUxxS8nJKE=,UxiW7td9I69Suuer2XhJ8+a6LJY=
-1,-19,LX/tYte+jT/jdNUfYRUxxS8nJKE=,+nJUBZw32mxJwZ0FjHXz/lXmYnE=
-3,-19,LX/tYte+jT/jdNUfYRUxxS8nJKE=,nA+lJfP1ye4S72EryJkmAPix2qI=
-1,-18,LX/tYte+jT/jdNUfYRUxxS8nJKE=,dMfnSFYG0by7vUFA46AK/ujjpc8=
-5,-18,LX/tYte+jT/jdNUfYRUxxS8nJKE=,1cF/xHCstMSx645XjBHvb7A1zi4=
-2,-19,LX/tYte+jT/jdNUfYRUxxS8nJKE=,+nJUBZw32mxJwZ0FjHXz/lXmYnE=
-4,-18,LX/tYte+jT/jdNUfYRUxxS8nJKE=,/tZugCjKRLIIbFkqiGWXmThBtC8=
-3,-17,LX/tYte+jT/jdNUfYRUxxS8nJKE=,/tZugCjKRLIIbFkqiGWXmThBtC8=
-4,-17,LX/tYte+jT/jdNUfYRUxxS8nJKE=,/tZugCjKRLIIbFkqiGWXmThBtC8=
-4,-19,LX/tYte+jT/jdNUfYRUxxS8nJKE=,nA+lJfP1ye4S72EryJkmAPix2qI=
-2,-18,LX/tYte+jT/jdNUfYRUxxS8nJKE=,dMfnSFYG0by7vUFA46AK/ujjpc8=
-5,-17,LX/tYte+jT/jdNUfYRUxxS8nJKE=,1cF/xHCstMSx645XjBHvb7A1zi4=
-3,-18,LX/tYte+jT/jdNUfYRUxxS8nJKE=,/tZugCjKRLIIbFkqiGWXmThBtC8=
-5,-19,LX/tYte+jT/jdNUfYRUxxS8nJKE=,k9dod7SPe+8vEZ/FnZPwE9ni4rQ=
-2,-17,LX/tYte+jT/jdNUfYRUxxS8nJKE=,dMfnSFYG0by7vUFA46AK/ujjpc8=
-11,-17,LX/tYte+jT/jdNUfYRUxxS8nJKE=,dkw3/Z+CbHu1xvPzrHNUXCgpG/Q=
-10,-17,LX/tYte+jT/jdNUfYRUxxS8nJKE=,UxiW7td9I69Suuer2XhJ8+a6LJY=
-13,-17,rjMbo1I5OZOC4YrIlb5m0P8DWD0=,JfPsRhcTnQdVtRRX8M6/zhQ34Fc=
-12,-17,rjMbo1I5OZOC4YrIlb5m0P8DWD0=,dkw3/Z+CbHu1xvPzrHNUXCgpG/Q=
-15,-17,rjMbo1I5OZOC4YrIlb5m0P8DWD0=,MX9SgGqtYxwBkjS7B8mYVBNnXqA=
-14,-17,rjMbo1I5OZOC4YrIlb5m0P8DWD0=,JfPsRhcTnQdVtRRX8M6/zhQ34Fc=
-16,-19,rjMbo1I5OZOC4YrIlb5m0P8DWD0=,KC5rsKCStkK1ZMvJv8TkrZcNl70=
-16,-18,rjMbo1I5OZOC4YrIlb5m0P8DWD0=,MX9SgGqtYxwBkjS7B8mYVBNnXqA=
-16,-21,rjMbo1I5OZOC4YrIlb5m0P8DWD0=,pAXSX1eJXTPyMU8M5a8iowepf5A=
-16,-20,rjMbo1I5OZOC4YrIlb5m0P8DWD0=,KC5rsKCStkK1ZMvJv8TkrZcNl70=
-16,-22,rjMbo1I5OZOC4YrIlb5m0P8DWD0=,pAXSX1eJXTPyMU8M5a8iowepf5A=
-16,-23,rjMbo1I5OZOC4YrIlb5m0P8DWD0=,fSUvsMZPEJ7Syq96N0OO53H+mb8=
-15,-24,rjMbo1I5OZOC4YrIlb5m0P8DWD0=,fSUvsMZPEJ7Syq96N0OO53H+mb8=
-14,-24,rjMbo1I5OZOC4YrIlb5m0P8DWD0=,0ZTiK9kj1zW/BSBMlzva3xFQVz0=
-12,-24,rjMbo1I5OZOC4YrIlb5m0P8DWD0=,h4cuJCyCTW0GNLdauT2Q4S0Z6ww=
-13,-24,rjMbo1I5OZOC4YrIlb5m0P8DWD0=,0ZTiK9kj1zW/BSBMlzva3xFQVz0=
-8,-24,rjMbo1I5OZOC4YrIlb5m0P8DWD0=,VijaZufIbNAJwtf/llhaF+V+BcY=
-7,-24,rjMbo1I5OZOC4YrIlb5m0P8DWD0=,VijaZufIbNAJwtf/llhaF+V+BcY=
-4,-24,rjMbo1I5OZOC4YrIlb5m0P8DWD0=,8mKtaDFSNbsY9J25sqgAKcO1HWQ=
-4,-23,rjMbo1I5OZOC4YrIlb5m0P8DWD0=,8mKtaDFSNbsY9J25sqgAKcO1HWQ=
-4,-22,nO6C9zYl1l3XbbErYB5x1PUY+bM=,aEcfZkQKWvQJiVJ5ULB5Ka5eM7Q=
-5,-22,nO6C9zYl1l3XbbErYB5x1PUY+bM=,p3Z9PbEQ+D+0kx/ULLCiFQlVruw=
-1,-20,nO6C9zYl1l3XbbErYB5x1PUY+bM=,+nJUBZw32mxJwZ0FjHXz/lXmYnE=
-1,-21,nO6C9zYl1l3XbbErYB5x1PUY+bM=,HnEye2nyKeChSF3jijb4PtmUs9A=
-3,-27,nO6C9zYl1l3XbbErYB5x1PUY+bM=,CiZ4VpiY8DNHycFZBOmip3IcG2w=
-2,-27,nO6C9zYl1l3XbbErYB5x1PUY+bM=,MKRmj74gNpN5jLl3WfdKGpfI/lI=
-2,-26,nO6C9zYl1l3XbbErYB5x1PUY+bM=,8aGMi5R9fveFsaS7qz2LucRxmbE=
-3,-23,nO6C9zYl1l3XbbErYB5x1PUY+bM=,8mKtaDFSNbsY9J25sqgAKcO1HWQ=
-2,-25,nO6C9zYl1l3XbbErYB5x1PUY+bM=,8aGMi5R9fveFsaS7qz2LucRxmbE=
-3,-24,nO6C9zYl1l3XbbErYB5x1PUY+bM=,8mKtaDFSNbsY9J25sqgAKcO1HWQ=
-3,-22,nO6C9zYl1l3XbbErYB5x1PUY+bM=,aEcfZkQKWvQJiVJ5ULB5Ka5eM7Q=
-2,-22,nO6C9zYl1l3XbbErYB5x1PUY+bM=,HnEye2nyKeChSF3jijb4PtmUs9A=
-2,-24,nO6C9zYl1l3XbbErYB5x1PUY+bM=,8aGMi5R9fveFsaS7qz2LucRxmbE=
-1,-22,nO6C9zYl1l3XbbErYB5x1PUY+bM=,HnEye2nyKeChSF3jijb4PtmUs9A=
-1,-23,nO6C9zYl1l3XbbErYB5x1PUY+bM=,8aGMi5R9fveFsaS7qz2LucRxmbE=
-1,-25,nO6C9zYl1l3XbbErYB5x1PUY+bM=,8aGMi5R9fveFsaS7qz2LucRxmbE=
-1,-24,nO6C9zYl1l3XbbErYB5x1PUY+bM=,8aGMi5R9fveFsaS7qz2LucRxmbE=
-2,-23,nO6C9zYl1l3XbbErYB5x1PUY+bM=,8aGMi5R9fveFsaS7qz2LucRxmbE=
-1,-26,nO6C9zYl1l3XbbErYB5x1PUY+bM=,8aGMi5R9fveFsaS7qz2LucRxmbE=
-1,-27,nO6C9zYl1l3XbbErYB5x1PUY+bM=,MKRmj74gNpN5jLl3WfdKGpfI/lI=
-2,-28,nO6C9zYl1l3XbbErYB5x1PUY+bM=,MKRmj74gNpN5jLl3WfdKGpfI/lI=
-3,-28,nO6C9zYl1l3XbbErYB5x1PUY+bM=,CiZ4VpiY8DNHycFZBOmip3IcG2w=
-1,-28,nO6C9zYl1l3XbbErYB5x1PUY+bM=,MKRmj74gNpN5jLl3WfdKGpfI/lI=
-4,-28,nO6C9zYl1l3XbbErYB5x1PUY+bM=,CiZ4VpiY8DNHycFZBOmip3IcG2w=
-4,-27,nO6C9zYl1l3XbbErYB5x1PUY+bM=,CiZ4VpiY8DNHycFZBOmip3IcG2w=
-9,-29,nO6C9zYl1l3XbbErYB5x1PUY+bM=,CiZ4VpiY8DNHycFZBOmip3IcG2w=
-16,-17,nO6C9zYl1l3XbbErYB5x1PUY+bM=,MX9SgGqtYxwBkjS7B8mYVBNnXqA=
-1,-17,nO6C9zYl1l3XbbErYB5x1PUY+bM=,dMfnSFYG0by7vUFA46AK/ujjpc8=
-10,-29,nO6C9zYl1l3XbbErYB5x1PUY+bM=,CiZ4VpiY8DNHycFZBOmip3IcG2w=
-13,-29,nO6C9zYl1l3XbbErYB5x1PUY+bM=,3Cc9BJ7ONqkwZ56gBJUUYFUWIJg=
-14,-30,nO6C9zYl1l3XbbErYB5x1PUY+bM=,3Cc9BJ7ONqkwZ56gBJUUYFUWIJg=
-13,-30,nO6C9zYl1l3XbbErYB5x1PUY+bM=,3Cc9BJ7ONqkwZ56gBJUUYFUWIJg=
-16,-24,nO6C9zYl1l3XbbErYB5x1PUY+bM=,fSUvsMZPEJ7Syq96N0OO53H+mb8=
-31,-18,FdLx3pMuqEkmbCRwftfBPYqfRhs=,8KBpuoqGu5MKmz6Vud9SoQavWUE=
-31,-17,FdLx3pMuqEkmbCRwftfBPYqfRhs=,8KBpuoqGu5MKmz6Vud9SoQavWUE=
-30,-18,FdLx3pMuqEkmbCRwftfBPYqfRhs=,i3Td0arFuI/MVPvZPdImNWllDcs=
-30,-17,FdLx3pMuqEkmbCRwftfBPYqfRhs=,i3Td0arFuI/MVPvZPdImNWllDcs=
-29,-18,FdLx3pMuqEkmbCRwftfBPYqfRhs=,i3Td0arFuI/MVPvZPdImNWllDcs=
-23,-21,Gy4UkWatbiKAMUAtnEVv01KxBtM=,EFx6uvkaR8Wuv5H1i+rnmTIvYcA=
-23,-20,Gy4UkWatbiKAMUAtnEVv01KxBtM=,EFx6uvkaR8Wuv5H1i+rnmTIvYcA=
-22,-20,Gy4UkWatbiKAMUAtnEVv01KxBtM=,YPYqH/PWT29dQsxBoaFC0tp0sS8=
-22,-21,Gy4UkWatbiKAMUAtnEVv01KxBtM=,Uyj54b55aMiJiSRBsQc8+JB9EbU=
-23,-19,Gy4UkWatbiKAMUAtnEVv01KxBtM=,EFx6uvkaR8Wuv5H1i+rnmTIvYcA=
-23,-18,Gy4UkWatbiKAMUAtnEVv01KxBtM=,EFx6uvkaR8Wuv5H1i+rnmTIvYcA=
-22,-19,Gy4UkWatbiKAMUAtnEVv01KxBtM=,YPYqH/PWT29dQsxBoaFC0tp0sS8=
-22,-18,YOQ3Oh7I8CYzqnbMU/BAxPzi0pw=,MX9SgGqtYxwBkjS7B8mYVBNnXqA=
-20,-18,YOQ3Oh7I8CYzqnbMU/BAxPzi0pw=,E1geXVC5EQHVLN3fk9Tr+poQxPo=
-21,-19,YOQ3Oh7I8CYzqnbMU/BAxPzi0pw=,YPYqH/PWT29dQsxBoaFC0tp0sS8=
-21,-18,YOQ3Oh7I8CYzqnbMU/BAxPzi0pw=,MX9SgGqtYxwBkjS7B8mYVBNnXqA=
-20,-19,YOQ3Oh7I8CYzqnbMU/BAxPzi0pw=,E1geXVC5EQHVLN3fk9Tr+poQxPo=
-21,-20,YOQ3Oh7I8CYzqnbMU/BAxPzi0pw=,YPYqH/PWT29dQsxBoaFC0tp0sS8=
-21,-21,YOQ3Oh7I8CYzqnbMU/BAxPzi0pw=,Uyj54b55aMiJiSRBsQc8+JB9EbU=
-20,-20,YOQ3Oh7I8CYzqnbMU/BAxPzi0pw=,E1geXVC5EQHVLN3fk9Tr+poQxPo=
-20,-21,YOQ3Oh7I8CYzqnbMU/BAxPzi0pw=,mEZc1TfgcV3G+1CtRtqFtb0UG9A=
-18,-22,+dG8BIl9UTe82WPMVgoeqvWoaeo=,5gB01VJCRwQYoBUGY9QBv8v+IHI=
-21,-17,kVXnPIAHcS0qclp4gpDFVlphUsw=,MX9SgGqtYxwBkjS7B8mYVBNnXqA=
-19,-23,kVXnPIAHcS0qclp4gpDFVlphUsw=,ak1nR1Yz4lVtCFGMfzA0YOJ9KWs=
-18,-23,kVXnPIAHcS0qclp4gpDFVlphUsw=,0ZTiK9kj1zW/BSBMlzva3xFQVz0=
-20,-17,kVXnPIAHcS0qclp4gpDFVlphUsw=,E1geXVC5EQHVLN3fk9Tr+poQxPo=
-19,-22,kVXnPIAHcS0qclp4gpDFVlphUsw=,mEZc1TfgcV3G+1CtRtqFtb0UG9A=
-27,-24,kVXnPIAHcS0qclp4gpDFVlphUsw=,3Cc9BJ7ONqkwZ56gBJUUYFUWIJg=
-19,-20,rTe81A0NLDD2QXGB/IPD0lIyrWo=,E1geXVC5EQHVLN3fk9Tr+poQxPo=
-24,-17,rTe81A0NLDD2QXGB/IPD0lIyrWo=,EFx6uvkaR8Wuv5H1i+rnmTIvYcA=
-19,-21,rTe81A0NLDD2QXGB/IPD0lIyrWo=,mEZc1TfgcV3G+1CtRtqFtb0UG9A=
-22,-17,rTe81A0NLDD2QXGB/IPD0lIyrWo=,MX9SgGqtYxwBkjS7B8mYVBNnXqA=
-17,-21,rTe81A0NLDD2QXGB/IPD0lIyrWo=,5gB01VJCRwQYoBUGY9QBv8v+IHI=
-17,-20,rTe81A0NLDD2QXGB/IPD0lIyrWo=,68V396i+J+O7jq0h4CWs7O/VreQ=
-18,-20,rTe81A0NLDD2QXGB/IPD0lIyrWo=,68V396i+J+O7jq0h4CWs7O/VreQ=
-23,-17,rTe81A0NLDD2QXGB/IPD0lIyrWo=,EFx6uvkaR8Wuv5H1i+rnmTIvYcA=
-18,-21,rTe81A0NLDD2QXGB/IPD0lIyrWo=,5gB01VJCRwQYoBUGY9QBv8v+IHI=
-19,-17,rTe81A0NLDD2QXGB/IPD0lIyrWo=,E1geXVC5EQHVLN3fk9Tr+poQxPo=
-17,-19,rTe81A0NLDD2QXGB/IPD0lIyrWo=,68V396i+J+O7jq0h4CWs7O/VreQ=
-19,-18,rTe81A0NLDD2QXGB/IPD0lIyrWo=,E1geXVC5EQHVLN3fk9Tr+poQxPo=
-18,-19,rTe81A0NLDD2QXGB/IPD0lIyrWo=,68V396i+J+O7jq0h4CWs7O/VreQ=
-19,-19,rTe81A0NLDD2QXGB/IPD0lIyrWo=,E1geXVC5EQHVLN3fk9Tr+poQxPo=
-28,-24,rTe81A0NLDD2QXGB/IPD0lIyrWo=,3Cc9BJ7ONqkwZ56gBJUUYFUWIJg=
-18,-18,rTe81A0NLDD2QXGB/IPD0lIyrWo=,JfPsRhcTnQdVtRRX8M6/zhQ34Fc=
-17,-18,rTe81A0NLDD2QXGB/IPD0lIyrWo=,JfPsRhcTnQdVtRRX8M6/zhQ34Fc=
-17,-17,rTe81A0NLDD2QXGB/IPD0lIyrWo=,JfPsRhcTnQdVtRRX8M6/zhQ34Fc=
-18,-17,rTe81A0NLDD2QXGB/IPD0lIyrWo=,JfPsRhcTnQdVtRRX8M6/zhQ34Fc=
-24,-21,ZcTZIHQ5B8/XYORXUQYEzJQBriA=,EFx6uvkaR8Wuv5H1i+rnmTIvYcA=
-24,-18,ZcTZIHQ5B8/XYORXUQYEzJQBriA=,EFx6uvkaR8Wuv5H1i+rnmTIvYcA=
-24,-20,ZcTZIHQ5B8/XYORXUQYEzJQBriA=,EFx6uvkaR8Wuv5H1i+rnmTIvYcA=
-19,-24,ZcTZIHQ5B8/XYORXUQYEzJQBriA=,ak1nR1Yz4lVtCFGMfzA0YOJ9KWs=
-24,-19,ZcTZIHQ5B8/XYORXUQYEzJQBriA=,EFx6uvkaR8Wuv5H1i+rnmTIvYcA=
-18,-24,ZcTZIHQ5B8/XYORXUQYEzJQBriA=,0ZTiK9kj1zW/BSBMlzva3xFQVz0=
-24,-22,ZcTZIHQ5B8/XYORXUQYEzJQBriA=,EFx6uvkaR8Wuv5H1i+rnmTIvYcA=
-24,-24,ZcTZIHQ5B8/XYORXUQYEzJQBriA=,HaFTUsMtlkXlNwIOr5jA/1sZ3xc=
-24,-23,ZcTZIHQ5B8/XYORXUQYEzJQBriA=,HaFTUsMtlkXlNwIOr5jA/1sZ3xc=
-23,-23,ZcTZIHQ5B8/XYORXUQYEzJQBriA=,HaFTUsMtlkXlNwIOr5jA/1sZ3xc=
-20,-24,ZcTZIHQ5B8/XYORXUQYEzJQBriA=,ak1nR1Yz4lVtCFGMfzA0YOJ9KWs=
-21,-23,ZcTZIHQ5B8/XYORXUQYEzJQBriA=,EFx6uvkaR8Wuv5H1i+rnmTIvYcA=
-21,-24,ZcTZIHQ5B8/XYORXUQYEzJQBriA=,EFx6uvkaR8Wuv5H1i+rnmTIvYcA=
-22,-23,ZcTZIHQ5B8/XYORXUQYEzJQBriA=,EFx6uvkaR8Wuv5H1i+rnmTIvYcA=
-22,-24,ZcTZIHQ5B8/XYORXUQYEzJQBriA=,EFx6uvkaR8Wuv5H1i+rnmTIvYcA=
-22,-22,ZcTZIHQ5B8/XYORXUQYEzJQBriA=,Uyj54b55aMiJiSRBsQc8+JB9EbU=
-23,-22,ZcTZIHQ5B8/XYORXUQYEzJQBriA=,EFx6uvkaR8Wuv5H1i+rnmTIvYcA=
-23,-24,ZcTZIHQ5B8/XYORXUQYEzJQBriA=,HaFTUsMtlkXlNwIOr5jA/1sZ3xc=
-20,-23,ZcTZIHQ5B8/XYORXUQYEzJQBriA=,ak1nR1Yz4lVtCFGMfzA0YOJ9KWs=
-21,-22,ZcTZIHQ5B8/XYORXUQYEzJQBriA=,Uyj54b55aMiJiSRBsQc8+JB9EbU=
-20,-22,ZcTZIHQ5B8/XYORXUQYEzJQBriA=,mEZc1TfgcV3G+1CtRtqFtb0UG9A=
-29,-30,ZcTZIHQ5B8/XYORXUQYEzJQBriA=,CiZ4VpiY8DNHycFZBOmip3IcG2w=
-29,-29,ZcTZIHQ5B8/XYORXUQYEzJQBriA=,CiZ4VpiY8DNHycFZBOmip3IcG2w=
-30,-30,ZcTZIHQ5B8/XYORXUQYEzJQBriA=,CiZ4VpiY8DNHycFZBOmip3IcG2w=
-32,-18,ZcTZIHQ5B8/XYORXUQYEzJQBriA=,8KBpuoqGu5MKmz6Vud9SoQavWUE=
-32,-17,ZcTZIHQ5B8/XYORXUQYEzJQBriA=,8KBpuoqGu5MKmz6Vud9SoQavWUE=
-24,-32,ZcTZIHQ5B8/XYORXUQYEzJQBriA=,VijaZufIbNAJwtf/llhaF+V+BcY=
-23,-32,ZcTZIHQ5B8/XYORXUQYEzJQBriA=,VijaZufIbNAJwtf/llhaF+V+BcY=
-24,-31,ZcTZIHQ5B8/XYORXUQYEzJQBriA=,VijaZufIbNAJwtf/llhaF+V+BcY=
-23,-28,ZcTZIHQ5B8/XYORXUQYEzJQBriA=,VijaZufIbNAJwtf/llhaF+V+BcY=
-23,-31,ZcTZIHQ5B8/XYORXUQYEzJQBriA=,VijaZufIbNAJwtf/llhaF+V+BcY=
-23,-27,ZcTZIHQ5B8/XYORXUQYEzJQBriA=,VijaZufIbNAJwtf/llhaF+V+BcY=
-24,-27,ZcTZIHQ5B8/XYORXUQYEzJQBriA=,VijaZufIbNAJwtf/llhaF+V+BcY=
-19,-28,ZcTZIHQ5B8/XYORXUQYEzJQBriA=,CiZ4VpiY8DNHycFZBOmip3IcG2w=
-20,-27,ZcTZIHQ5B8/XYORXUQYEzJQBriA=,CiZ4VpiY8DNHycFZBOmip3IcG2w=
-20,-28,ZcTZIHQ5B8/XYORXUQYEzJQBriA=,CiZ4VpiY8DNHycFZBOmip3IcG2w=
-19,-27,ZcTZIHQ5B8/XYORXUQYEzJQBriA=,CiZ4VpiY8DNHycFZBOmip3IcG2w=
-17,-23,ZcTZIHQ5B8/XYORXUQYEzJQBriA=,0ZTiK9kj1zW/BSBMlzva3xFQVz0=
-17,-22,ZcTZIHQ5B8/XYORXUQYEzJQBriA=,5gB01VJCRwQYoBUGY9QBv8v+IHI=
-24,-28,ZcTZIHQ5B8/XYORXUQYEzJQBriA=,VijaZufIbNAJwtf/llhaF+V+BcY=
-17,-24,ZcTZIHQ5B8/XYORXUQYEzJQBriA=,0ZTiK9kj1zW/BSBMlzva3xFQVz0=
-27,-23,ZcTZIHQ5B8/XYORXUQYEzJQBriA=,3Cc9BJ7ONqkwZ56gBJUUYFUWIJg=
-28,-23,ZcTZIHQ5B8/XYORXUQYEzJQBriA=,3Cc9BJ7ONqkwZ56gBJUUYFUWIJg=
-29,-17,ZcTZIHQ5B8/XYORXUQYEzJQBriA=,i3Td0arFuI/MVPvZPdImNWllDcs=
-30,-29,ZcTZIHQ5B8/XYORXUQYEzJQBriA=,CiZ4VpiY8DNHycFZBOmip3IcG2w=
-23,-15,P6J7d7j/Dkqy4Rqx7pl4Lqlj7Fw=,kenzs5qcy3AIGl2f+rgrDrd9rQ4=
-22,-14,Y26lzGssw8crggLbYvKILuf1FTc=,k0a6dWiQxgX58nLF3xZJ1971G5E=
-22,-15,Y26lzGssw8crggLbYvKILuf1FTc=,Wh8GsLBAg0K5baFiTEyJx3UzZKs=
-23,-14,Y26lzGssw8crggLbYvKILuf1FTc=,PKSk0MMBt7ZJRKbmGKCWiHoHPaE=
-21,-15,Y26lzGssw8crggLbYvKILuf1FTc=,Wh8GsLBAg0K5baFiTEyJx3UzZKs=
-20,-14,Y26lzGssw8crggLbYvKILuf1FTc=,vlKXBG0EEZAwNrv7wow1c02GkgE=
-20,-15,yQAnRpmb4jK73bTkiZU3tJ2fI+g=,h4zm6r7pkFfT0iVnInGc1ExDsC0=
-21,-14,yQAnRpmb4jK73bTkiZU3tJ2fI+g=,k0a6dWiQxgX58nLF3xZJ1971G5E=
-21,-12,yQAnRpmb4jK73bTkiZU3tJ2fI+g=,PxqdPcuQmJnQdQbuayIZ23mfbHQ=
-20,-13,yQAnRpmb4jK73bTkiZU3tJ2fI+g=,vlKXBG0EEZAwNrv7wow1c02GkgE=
-21,-13,yQAnRpmb4jK73bTkiZU3tJ2fI+g=,k0a6dWiQxgX58nLF3xZJ1971G5E=
-20,-12,yQAnRpmb4jK73bTkiZU3tJ2fI+g=,FRqL8qbiDziLslvBibSF0qmClsI=
-20,-10,yQAnRpmb4jK73bTkiZU3tJ2fI+g=,+cX3JuqShaS0RQWfVD1V50fmOzA=
-20,-11,yQAnRpmb4jK73bTkiZU3tJ2fI+g=,FRqL8qbiDziLslvBibSF0qmClsI=
-21,-10,yQAnRpmb4jK73bTkiZU3tJ2fI+g=,PxqdPcuQmJnQdQbuayIZ23mfbHQ=
-21,-11,yQAnRpmb4jK73bTkiZU3tJ2fI+g=,PxqdPcuQmJnQdQbuayIZ23mfbHQ=
-21,-8,yQAnRpmb4jK73bTkiZU3tJ2fI+g=,GHV4HoJDOKJOYvo6vztgM+xH/b0=
-21,-9,yQAnRpmb4jK73bTkiZU3tJ2fI+g=,PxqdPcuQmJnQdQbuayIZ23mfbHQ=
-20,-8,yQAnRpmb4jK73bTkiZU3tJ2fI+g=,QV1lTmCqdD05nbr1hhC0Q8/L8uc=
-20,-9,/kLjlRfRFiN5XBKgzpEWN+P2RgM=,+cX3JuqShaS0RQWfVD1V50fmOzA=
-21,-6,/kLjlRfRFiN5XBKgzpEWN+P2RgM=,aAM62H571GapdLiLy3RdjWFaJss=
-20,-6,/kLjlRfRFiN5XBKgzpEWN+P2RgM=,MEa5EGS5mfi4YO1EqKnfaxttmbA=
-21,-7,/kLjlRfRFiN5XBKgzpEWN+P2RgM=,GHV4HoJDOKJOYvo6vztgM+xH/b0=
-20,-7,/kLjlRfRFiN5XBKgzpEWN+P2RgM=,QV1lTmCqdD05nbr1hhC0Q8/L8uc=
-21,-5,/kLjlRfRFiN5XBKgzpEWN+P2RgM=,aAM62H571GapdLiLy3RdjWFaJss=
-21,-4,/kLjlRfRFiN5XBKgzpEWN+P2RgM=,I62AQmDaGOCIhbz8mx4R7qdCisk=
-20,-5,/kLjlRfRFiN5XBKgzpEWN+P2RgM=,MEa5EGS5mfi4YO1EqKnfaxttmbA=
-20,-4,/kLjlRfRFiN5XBKgzpEWN+P2RgM=,ajA8js1KgK88AfZbIpgeWUF8lj0=
-19,-4,b3/zIDlo54wrvglefKBaH1Wtbcs=,ajA8js1KgK88AfZbIpgeWUF8lj0=
-19,-5,b3/zIDlo54wrvglefKBaH1Wtbcs=,MEa5EGS5mfi4YO1EqKnfaxttmbA=
-18,-5,b3/zIDlo54wrvglefKBaH1Wtbcs=,MEa5EGS5mfi4YO1EqKnfaxttmbA=
-21,-3,b3/zIDlo54wrvglefKBaH1Wtbcs=,I62AQmDaGOCIhbz8mx4R7qdCisk=
-22,-1,b3/zIDlo54wrvglefKBaH1Wtbcs=,Qwx0FeXo8bi1hq9dKaa1majIbVQ=
-23,-1,b3/zIDlo54wrvglefKBaH1Wtbcs=,3Cc9BJ7ONqkwZ56gBJUUYFUWIJg=
-18,-4,b3/zIDlo54wrvglefKBaH1Wtbcs=,xSCNe6+d+JHVA8VbgY7EuRRBBlI=
-21,-1,b3/zIDlo54wrvglefKBaH1Wtbcs=,Qwx0FeXo8bi1hq9dKaa1majIbVQ=
-20,-3,b3/zIDlo54wrvglefKBaH1Wtbcs=,ajA8js1KgK88AfZbIpgeWUF8lj0=
-21,-2,b3/zIDlo54wrvglefKBaH1Wtbcs=,Qwx0FeXo8bi1hq9dKaa1majIbVQ=
-20,-1,b3/zIDlo54wrvglefKBaH1Wtbcs=,r623xDJA2D96ts/JXrnrPs4f4+c=
-20,-2,b3/zIDlo54wrvglefKBaH1Wtbcs=,r623xDJA2D96ts/JXrnrPs4f4+c=
-19,-1,b3/zIDlo54wrvglefKBaH1Wtbcs=,r623xDJA2D96ts/JXrnrPs4f4+c=
-18,-3,b3/zIDlo54wrvglefKBaH1Wtbcs=,xSCNe6+d+JHVA8VbgY7EuRRBBlI=
-19,-3,b3/zIDlo54wrvglefKBaH1Wtbcs=,ajA8js1KgK88AfZbIpgeWUF8lj0=
-19,-2,b3/zIDlo54wrvglefKBaH1Wtbcs=,r623xDJA2D96ts/JXrnrPs4f4+c=
-18,-1,b3/zIDlo54wrvglefKBaH1Wtbcs=,5r/4EPYdAubNb8/hqhIDfkTNd3A=
-18,-2,b3/zIDlo54wrvglefKBaH1Wtbcs=,5r/4EPYdAubNb8/hqhIDfkTNd3A=
-17,-5,vENX4p2D26zIVBhhnb9CGw+FWuo=,MEa5EGS5mfi4YO1EqKnfaxttmbA=
-17,-3,vENX4p2D26zIVBhhnb9CGw+FWuo=,xSCNe6+d+JHVA8VbgY7EuRRBBlI=
-17,-4,vENX4p2D26zIVBhhnb9CGw+FWuo=,xSCNe6+d+JHVA8VbgY7EuRRBBlI=
-17,-2,vENX4p2D26zIVBhhnb9CGw+FWuo=,5r/4EPYdAubNb8/hqhIDfkTNd3A=
-19,-6,6v/9bFNgdm6Zn/KfGk2qvPEKRxc=,MEa5EGS5mfi4YO1EqKnfaxttmbA=
-19,-8,6v/9bFNgdm6Zn/KfGk2qvPEKRxc=,QV1lTmCqdD05nbr1hhC0Q8/L8uc=
-19,-7,6v/9bFNgdm6Zn/KfGk2qvPEKRxc=,QV1lTmCqdD05nbr1hhC0Q8/L8uc=
-18,-8,6v/9bFNgdm6Zn/KfGk2qvPEKRxc=,QV1lTmCqdD05nbr1hhC0Q8/L8uc=
-19,-9,6v/9bFNgdm6Zn/KfGk2qvPEKRxc=,+cX3JuqShaS0RQWfVD1V50fmOzA=
-18,-9,6v/9bFNgdm6Zn/KfGk2qvPEKRxc=,+cX3JuqShaS0RQWfVD1V50fmOzA=
-18,-7,6v/9bFNgdm6Zn/KfGk2qvPEKRxc=,QV1lTmCqdD05nbr1hhC0Q8/L8uc=
-18,-6,6v/9bFNgdm6Zn/KfGk2qvPEKRxc=,MEa5EGS5mfi4YO1EqKnfaxttmbA=
-19,-10,zxmg4HzmjMilxDKl2eRiKiFjFnk=,+cX3JuqShaS0RQWfVD1V50fmOzA=
-18,-10,zxmg4HzmjMilxDKl2eRiKiFjFnk=,+cX3JuqShaS0RQWfVD1V50fmOzA=
-19,-11,zxmg4HzmjMilxDKl2eRiKiFjFnk=,FRqL8qbiDziLslvBibSF0qmClsI=
-18,-11,zxmg4HzmjMilxDKl2eRiKiFjFnk=,0gjvYF2ZhjttDVzBH+MUXQ62tIw=
-18,-12,zxmg4HzmjMilxDKl2eRiKiFjFnk=,0gjvYF2ZhjttDVzBH+MUXQ62tIw=
-18,-13,zxmg4HzmjMilxDKl2eRiKiFjFnk=,3sCa38zU3CZzUCyXmh+0YcxtYZY=
-19,-12,zxmg4HzmjMilxDKl2eRiKiFjFnk=,FRqL8qbiDziLslvBibSF0qmClsI=
-19,-15,zxmg4HzmjMilxDKl2eRiKiFjFnk=,h4zm6r7pkFfT0iVnInGc1ExDsC0=
-19,-13,zxmg4HzmjMilxDKl2eRiKiFjFnk=,vlKXBG0EEZAwNrv7wow1c02GkgE=
-19,-14,zxmg4HzmjMilxDKl2eRiKiFjFnk=,vlKXBG0EEZAwNrv7wow1c02GkgE=
-18,-14,zxmg4HzmjMilxDKl2eRiKiFjFnk=,3sCa38zU3CZzUCyXmh+0YcxtYZY=
-18,-15,zxmg4HzmjMilxDKl2eRiKiFjFnk=,h4zm6r7pkFfT0iVnInGc1ExDsC0=
-17,-10,zxmg4HzmjMilxDKl2eRiKiFjFnk=,+cX3JuqShaS0RQWfVD1V50fmOzA=
-17,-9,zxmg4HzmjMilxDKl2eRiKiFjFnk=,+cX3JuqShaS0RQWfVD1V50fmOzA=
-17,-11,zxmg4HzmjMilxDKl2eRiKiFjFnk=,0gjvYF2ZhjttDVzBH+MUXQ62tIw=
-17,-8,zxmg4HzmjMilxDKl2eRiKiFjFnk=,QV1lTmCqdD05nbr1hhC0Q8/L8uc=
-17,-6,zxmg4HzmjMilxDKl2eRiKiFjFnk=,MEa5EGS5mfi4YO1EqKnfaxttmbA=
-17,-7,zxmg4HzmjMilxDKl2eRiKiFjFnk=,QV1lTmCqdD05nbr1hhC0Q8/L8uc=
-23,-8,zxmg4HzmjMilxDKl2eRiKiFjFnk=,3S/KKoCgl+5OfTwxlvH/+4tSfcA=
-23,-9,zxmg4HzmjMilxDKl2eRiKiFjFnk=,VgXDGMfV/bOA6Px/Kd32UWfvTrY=
-22,-8,zxmg4HzmjMilxDKl2eRiKiFjFnk=,GHV4HoJDOKJOYvo6vztgM+xH/b0=
-22,-9,zxmg4HzmjMilxDKl2eRiKiFjFnk=,PxqdPcuQmJnQdQbuayIZ23mfbHQ=
-23,-13,zxmg4HzmjMilxDKl2eRiKiFjFnk=,PKSk0MMBt7ZJRKbmGKCWiHoHPaE=
-22,-12,zxmg4HzmjMilxDKl2eRiKiFjFnk=,PxqdPcuQmJnQdQbuayIZ23mfbHQ=
-23,-10,zxmg4HzmjMilxDKl2eRiKiFjFnk=,VgXDGMfV/bOA6Px/Kd32UWfvTrY=
-23,-12,zxmg4HzmjMilxDKl2eRiKiFjFnk=,3S/KKoCgl+5OfTwxlvH/+4tSfcA=
-23,-11,zxmg4HzmjMilxDKl2eRiKiFjFnk=,3S/KKoCgl+5OfTwxlvH/+4tSfcA=
-22,-13,zxmg4HzmjMilxDKl2eRiKiFjFnk=,k0a6dWiQxgX58nLF3xZJ1971G5E=
-22,-10,zxmg4HzmjMilxDKl2eRiKiFjFnk=,PxqdPcuQmJnQdQbuayIZ23mfbHQ=
-22,-11,zxmg4HzmjMilxDKl2eRiKiFjFnk=,PxqdPcuQmJnQdQbuayIZ23mfbHQ=
-24,-9,zxmg4HzmjMilxDKl2eRiKiFjFnk=,VgXDGMfV/bOA6Px/Kd32UWfvTrY=
-24,-8,zxmg4HzmjMilxDKl2eRiKiFjFnk=,3S/KKoCgl+5OfTwxlvH/+4tSfcA=
-27,-8,zxmg4HzmjMilxDKl2eRiKiFjFnk=,CiZ4VpiY8DNHycFZBOmip3IcG2w=
-23,-2,zxmg4HzmjMilxDKl2eRiKiFjFnk=,3Cc9BJ7ONqkwZ56gBJUUYFUWIJg=
-22,-3,zxmg4HzmjMilxDKl2eRiKiFjFnk=,I62AQmDaGOCIhbz8mx4R7qdCisk=
-22,-2,zxmg4HzmjMilxDKl2eRiKiFjFnk=,Qwx0FeXo8bi1hq9dKaa1majIbVQ=
-22,-4,zxmg4HzmjMilxDKl2eRiKiFjFnk=,I62AQmDaGOCIhbz8mx4R7qdCisk=
-22,-6,zxmg4HzmjMilxDKl2eRiKiFjFnk=,aAM62H571GapdLiLy3RdjWFaJss=
-23,-7,zxmg4HzmjMilxDKl2eRiKiFjFnk=,3S/KKoCgl+5OfTwxlvH/+4tSfcA=
-22,-5,zxmg4HzmjMilxDKl2eRiKiFjFnk=,aAM62H571GapdLiLy3RdjWFaJss=
-22,-7,zxmg4HzmjMilxDKl2eRiKiFjFnk=,GHV4HoJDOKJOYvo6vztgM+xH/b0=
-24,-7,zxmg4HzmjMilxDKl2eRiKiFjFnk=,3S/KKoCgl+5OfTwxlvH/+4tSfcA=
-27,-7,wiPjYoQlEm9z6SgaZS82VuiCwgY=,CiZ4VpiY8DNHycFZBOmip3IcG2w=
-23,-16,wiPjYoQlEm9z6SgaZS82VuiCwgY=,kenzs5qcy3AIGl2f+rgrDrd9rQ4=
-21,-16,wiPjYoQlEm9z6SgaZS82VuiCwgY=,Wh8GsLBAg0K5baFiTEyJx3UzZKs=
-22,-16,wiPjYoQlEm9z6SgaZS82VuiCwgY=,Wh8GsLBAg0K5baFiTEyJx3UzZKs=
-20,-16,wiPjYoQlEm9z6SgaZS82VuiCwgY=,h4zm6r7pkFfT0iVnInGc1ExDsC0=
-18,-16,wiPjYoQlEm9z6SgaZS82VuiCwgY=,h4zm6r7pkFfT0iVnInGc1ExDsC0=
-19,-16,wiPjYoQlEm9z6SgaZS82VuiCwgY=,h4zm6r7pkFfT0iVnInGc1ExDsC0=
-17,-14,wiPjYoQlEm9z6SgaZS82VuiCwgY=,3sCa38zU3CZzUCyXmh+0YcxtYZY=
-17,-13,wiPjYoQlEm9z6SgaZS82VuiCwgY=,3sCa38zU3CZzUCyXmh+0YcxtYZY=
-17,-12,wiPjYoQlEm9z6SgaZS82VuiCwgY=,0gjvYF2ZhjttDVzBH+MUXQ62tIw=
-17,-15,wiPjYoQlEm9z6SgaZS82VuiCwgY=,h4zm6r7pkFfT0iVnInGc1ExDsC0=
-29,-14,wiPjYoQlEm9z6SgaZS82VuiCwgY=,CiZ4VpiY8DNHycFZBOmip3IcG2w=
-29,-13,wiPjYoQlEm9z6SgaZS82VuiCwgY=,CiZ4VpiY8DNHycFZBOmip3IcG2w=
-31,-13,wiPjYoQlEm9z6SgaZS82VuiCwgY=,GGBFNKCPEmnLpenZHaVP+vo7da8=
-31,-14,wiPjYoQlEm9z6SgaZS82VuiCwgY=,GGBFNKCPEmnLpenZHaVP+vo7da8=
-30,-14,wiPjYoQlEm9z6SgaZS82VuiCwgY=,CiZ4VpiY8DNHycFZBOmip3IcG2w=
-32,-14,wiPjYoQlEm9z6SgaZS82VuiCwgY=,GGBFNKCPEmnLpenZHaVP+vo7da8=
-32,-13,wiPjYoQlEm9z6SgaZS82VuiCwgY=,GGBFNKCPEmnLpenZHaVP+vo7da8=
-30,-13,wiPjYoQlEm9z6SgaZS82VuiCwgY=,CiZ4VpiY8DNHycFZBOmip3IcG2w=
-24,-16,wiPjYoQlEm9z6SgaZS82VuiCwgY=,kenzs5qcy3AIGl2f+rgrDrd9rQ4=
-24,-14,wiPjYoQlEm9z6SgaZS82VuiCwgY=,PKSk0MMBt7ZJRKbmGKCWiHoHPaE=
-24,-15,wiPjYoQlEm9z6SgaZS82VuiCwgY=,kenzs5qcy3AIGl2f+rgrDrd9rQ4=
-24,-11,wiPjYoQlEm9z6SgaZS82VuiCwgY=,3S/KKoCgl+5OfTwxlvH/+4tSfcA=
-24,-13,wiPjYoQlEm9z6SgaZS82VuiCwgY=,PKSk0MMBt7ZJRKbmGKCWiHoHPaE=
-24,-10,wiPjYoQlEm9z6SgaZS82VuiCwgY=,VgXDGMfV/bOA6Px/Kd32UWfvTrY=
-24,-2,wiPjYoQlEm9z6SgaZS82VuiCwgY=,3Cc9BJ7ONqkwZ56gBJUUYFUWIJg=
-24,-1,wiPjYoQlEm9z6SgaZS82VuiCwgY=,3Cc9BJ7ONqkwZ56gBJUUYFUWIJg=
-24,-12,wiPjYoQlEm9z6SgaZS82VuiCwgY=,3S/KKoCgl+5OfTwxlvH/+4tSfcA=
-29,-4,wiPjYoQlEm9z6SgaZS82VuiCwgY=,CiZ4VpiY8DNHycFZBOmip3IcG2w=
-29,-3,wiPjYoQlEm9z6SgaZS82VuiCwgY=,CiZ4VpiY8DNHycFZBOmip3IcG2w=
-30,-3,wiPjYoQlEm9z6SgaZS82VuiCwgY=,CiZ4VpiY8DNHycFZBOmip3IcG2w=
-28,-8,wiPjYoQlEm9z6SgaZS82VuiCwgY=,CiZ4VpiY8DNHycFZBOmip3IcG2w=
-28,-7,wiPjYoQlEm9z6SgaZS82VuiCwgY=,CiZ4VpiY8DNHycFZBOmip3IcG2w=
-17,-1,wiPjYoQlEm9z6SgaZS82VuiCwgY=,5r/4EPYdAubNb8/hqhIDfkTNd3A=
-30,-4,wiPjYoQlEm9z6SgaZS82VuiCwgY=,CiZ4VpiY8DNHycFZBOmip3IcG2w=
-17,-16,wiPjYoQlEm9z6SgaZS82VuiCwgY=,h4zm6r7pkFfT0iVnInGc1ExDsC0=
