46,39,FORU00pZ2rxSuchyESt8bexYQZg=,Yr5R7b/hWDJG1e2bg03t79ixLfk=
47,39,FORU00pZ2rxSuchyESt8bexYQZg=,Yr5R7b/hWDJG1e2bg03t79ixLfk=
46,40,FORU00pZ2rxSuchyESt8bexYQZg=,CiZ4VpiY8DNHycFZBOmip3IcG2w=
47,40,FORU00pZ2rxSuchyESt8bexYQZg=,CiZ4VpiY8DNHycFZBOmip3IcG2w=
47,38,FORU00pZ2rxSuchyESt8bexYQZg=,Yr5R7b/hWDJG1e2bg03t79ixLfk=
43,47,FORU00pZ2rxSuchyESt8bexYQZg=,CiZ4VpiY8DNHycFZBOmip3IcG2w=
42,47,FORU00pZ2rxSuchyESt8bexYQZg=,CiZ4VpiY8DNHycFZBOmip3IcG2w=
46,33,FORU00pZ2rxSuchyESt8bexYQZg=,CiZ4VpiY8DNHycFZBOmip3IcG2w=
41,36,FORU00pZ2rxSuchyESt8bexYQZg=,3Cc9BJ7ONqkwZ56gBJUUYFUWIJg=
41,37,FORU00pZ2rxSuchyESt8bexYQZg=,3Cc9BJ7ONqkwZ56gBJUUYFUWIJg=
40,40,FORU00pZ2rxSuchyESt8bexYQZg=,CiZ4VpiY8DNHycFZBOmip3IcG2w=
37,40,FORU00pZ2rxSuchyESt8bexYQZg=,CiZ4VpiY8DNHycFZBOmip3IcG2w=
36,41,FORU00pZ2rxSuchyESt8bexYQZg=,CiZ4VpiY8DNHycFZBOmip3IcG2w=
33,41,FORU00pZ2rxSuchyESt8bexYQZg=,XDue9lseD1sX8SNcJ7w2B73AG84=
47,33,FORU00pZ2rxSuchyESt8bexYQZg=,CiZ4VpiY8DNHycFZBOmip3IcG2w=
47,41,FORU00pZ2rxSuchyESt8bexYQZg=,CiZ4VpiY8DNHycFZBOmip3IcG2w=
47,46,FORU00pZ2rxSuchyESt8bexYQZg=,CiZ4VpiY8DNHycFZBOmip3IcG2w=
46,46,FORU00pZ2rxSuchyESt8bexYQZg=,CiZ4VpiY8DNHycFZBOmip3IcG2w=
43,46,FORU00pZ2rxSuchyESt8bexYQZg=,CiZ4VpiY8DNHycFZBOmip3IcG2w=
36,40,FORU00pZ2rxSuchyESt8bexYQZg=,CiZ4VpiY8DNHycFZBOmip3IcG2w=
37,37,FORU00pZ2rxSuchyESt8bexYQZg=,CiZ4VpiY8DNHycFZBOmip3IcG2w=
40,37,FORU00pZ2rxSuchyESt8bexYQZg=,3Cc9BJ7ONqkwZ56gBJUUYFUWIJg=
37,33,FORU00pZ2rxSuchyESt8bexYQZg=,CiZ4VpiY8DNHycFZBOmip3IcG2w=
37,36,FORU00pZ2rxSuchyESt8bexYQZg=,CiZ4VpiY8DNHycFZBOmip3IcG2w=
40,36,FORU00pZ2rxSuchyESt8bexYQZg=,3Cc9BJ7ONqkwZ56gBJUUYFUWIJg=
37,47,D66Vq1/LN+l02Tz9B2PIRiEONSw=,CiZ4VpiY8DNHycFZBOmip3IcG2w=
47,32,D66Vq1/LN+l02Tz9B2PIRiEONSw=,CiZ4VpiY8DNHycFZBOmip3IcG2w=
37,41,D66Vq1/LN+l02Tz9B2PIRiEONSw=,CiZ4VpiY8DNHycFZBOmip3IcG2w=
46,32,D66Vq1/LN+l02Tz9B2PIRiEONSw=,CiZ4VpiY8DNHycFZBOmip3IcG2w=
40,41,D66Vq1/LN+l02Tz9B2PIRiEONSw=,CiZ4VpiY8DNHycFZBOmip3IcG2w=
41,40,D66Vq1/LN+l02Tz9B2PIRiEONSw=,CiZ4VpiY8DNHycFZBOmip3IcG2w=
41,41,D66Vq1/LN+l02Tz9B2PIRiEONSw=,CiZ4VpiY8DNHycFZBOmip3IcG2w=
36,33,D66Vq1/LN+l02Tz9B2PIRiEONSw=,CiZ4VpiY8DNHycFZBOmip3IcG2w=
37,46,D66Vq1/LN+l02Tz9B2PIRiEONSw=,CiZ4VpiY8DNHycFZBOmip3IcG2w=
36,37,D66Vq1/LN+l02Tz9B2PIRiEONSw=,CiZ4VpiY8DNHycFZBOmip3IcG2w=
37,32,D66Vq1/LN+l02Tz9B2PIRiEONSw=,CiZ4VpiY8DNHycFZBOmip3IcG2w=
36,36,D66Vq1/LN+l02Tz9B2PIRiEONSw=,CiZ4VpiY8DNHycFZBOmip3IcG2w=
43,33,D66Vq1/LN+l02Tz9B2PIRiEONSw=,CiZ4VpiY8DNHycFZBOmip3IcG2w=
43,32,D66Vq1/LN+l02Tz9B2PIRiEONSw=,CiZ4VpiY8DNHycFZBOmip3IcG2w=
42,33,D66Vq1/LN+l02Tz9B2PIRiEONSw=,CiZ4VpiY8DNHycFZBOmip3IcG2w=
46,47,D66Vq1/LN+l02Tz9B2PIRiEONSw=,CiZ4VpiY8DNHycFZBOmip3IcG2w=
47,47,D66Vq1/LN+l02Tz9B2PIRiEONSw=,CiZ4VpiY8DNHycFZBOmip3IcG2w=
32,41,D66Vq1/LN+l02Tz9B2PIRiEONSw=,XDue9lseD1sX8SNcJ7w2B73AG84=
33,40,D66Vq1/LN+l02Tz9B2PIRiEONSw=,XDue9lseD1sX8SNcJ7w2B73AG84=
32,40,D66Vq1/LN+l02Tz9B2PIRiEONSw=,XDue9lseD1sX8SNcJ7w2B73AG84=
42,46,D66Vq1/LN+l02Tz9B2PIRiEONSw=,CiZ4VpiY8DNHycFZBOmip3IcG2w=
33,33,D66Vq1/LN+l02Tz9B2PIRiEONSw=,3Cc9BJ7ONqkwZ56gBJUUYFUWIJg=
36,32,D66Vq1/LN+l02Tz9B2PIRiEONSw=,CiZ4VpiY8DNHycFZBOmip3IcG2w=
32,33,D66Vq1/LN+l02Tz9B2PIRiEONSw=,3Cc9BJ7ONqkwZ56gBJUUYFUWIJg=
33,32,D66Vq1/LN+l02Tz9B2PIRiEONSw=,3Cc9BJ7ONqkwZ56gBJUUYFUWIJg=
42,32,D66Vq1/LN+l02Tz9B2PIRiEONSw=,CiZ4VpiY8DNHycFZBOmip3IcG2w=
36,47,D66Vq1/LN+l02Tz9B2PIRiEONSw=,CiZ4VpiY8DNHycFZBOmip3IcG2w=
46,41,D66Vq1/LN+l02Tz9B2PIRiEONSw=,CiZ4VpiY8DNHycFZBOmip3IcG2w=
36,46,D66Vq1/LN+l02Tz9B2PIRiEONSw=,CiZ4VpiY8DNHycFZBOmip3IcG2w=
32,32,D66Vq1/LN+l02Tz9B2PIRiEONSw=,3Cc9BJ7ONqkwZ56gBJUUYFUWIJg=
46,38,D66Vq1/LN+l02Tz9B2PIRiEONSw=,Yr5R7b/hWDJG1e2bg03t79ixLfk=
53,33,SEc7Mtn/6KlYNxnPKHXpTouElE8=,CiZ4VpiY8DNHycFZBOmip3IcG2w=
53,32,SEc7Mtn/6KlYNxnPKHXpTouElE8=,CiZ4VpiY8DNHycFZBOmip3IcG2w=
52,33,SEc7Mtn/6KlYNxnPKHXpTouElE8=,CiZ4VpiY8DNHycFZBOmip3IcG2w=
52,32,SEc7Mtn/6KlYNxnPKHXpTouElE8=,CiZ4VpiY8DNHycFZBOmip3IcG2w=
50,36,SEc7Mtn/6KlYNxnPKHXpTouElE8=,ix+wjNTq1jbXbqELS11kfsJPB70=
51,36,SEc7Mtn/6KlYNxnPKHXpTouElE8=,ix+wjNTq1jbXbqELS11kfsJPB70=
51,37,SEc7Mtn/6KlYNxnPKHXpTouElE8=,ix+wjNTq1jbXbqELS11kfsJPB70=
50,37,SEc7Mtn/6KlYNxnPKHXpTouElE8=,ix+wjNTq1jbXbqELS11kfsJPB70=
