0,0,0tGsa1iCCczW6n/DiSH76QkNbJY=,8DQhV7ysZzeif/eLkPwT4tt27s8=
1,0,0tGsa1iCCczW6n/DiSH76QkNbJY=,Cd1+T4TUUTg0nncLFyU5oq9Adg8=
2,0,0tGsa1iCCczW6n/DiSH76QkNbJY=,VTFBWsKS/vDfAacwi6urQo5flvY=
3,0,0tGsa1iCCczW6n/DiSH76QkNbJY=,P3xMFE+NAHDolKdOpk9qPJNgGRQ=
4,0,0tGsa1iCCczW6n/DiSH76QkNbJY=,8lwSnB+dWq7M63XLwsyfa+VYR/k=
5,0,0tGsa1iCCczW6n/DiSH76QkNbJY=,be1WZyKLULkwGeLfmB4ugclTgP0=
6,0,0tGsa1iCCczW6n/DiSH76QkNbJY=,vg9EWFWJMpnc+p+XwbUkKter220=
7,0,0tGsa1iCCczW6n/DiSH76QkNbJY=,lXcBCJ1jpVcPYIdiq+iIAnk2lxA=
8,0,0tGsa1iCCczW6n/DiSH76QkNbJY=,4aThEp7HCFUz6F02TUh0zTZNMmE=
9,0,0tGsa1iCCczW6n/DiSH76QkNbJY=,BHkTKKKG3RRarEaE8oXQYLy+jb0=
10,0,J9XEAAicyZHsC64C+Vp1cqoXp14=,A7obUaP4kSNF4llZCM8DfnL6GVI=
11,0,J9XEAAicyZHsC64C+Vp1cqoXp14=,joCchbv/nGasKtTkroJKFR2Nq5E=
12,0,J9XEAAicyZHsC64C+Vp1cqoXp14=,8OuhnAVY5PAk677QYkEk0F8129k=
13,0,J9XEAAicyZHsC64C+Vp1cqoXp14=,v+uPjiswEImU4teehkC84/fHKEY=
14,0,J9XEAAicyZHsC64C+Vp1cqoXp14=,L+cRdwXJAySK0UcLW1kEI3XjWLg=
15,0,J9XEAAicyZHsC64C+Vp1cqoXp14=,JllQKF8xiZ8qLiqikgfgFBrA3Vw=
16,0,J9XEAAicyZHsC64C+Vp1cqoXp14=,SMJxRahy/+/HpYYaA5vYlAIaTTQ=
18,0,J9XEAAicyZHsC64C+Vp1cqoXp14=,hK7Bsf8LHfjUDiV1BMgE/8yEf/g=
20,0,J9XEAAicyZHsC64C+Vp1cqoXp14=,hxwYekr+EKVPnSlMzoDZJUz+6G8=
22,0,J9XEAAicyZHsC64C+Vp1cqoXp14=,rVDIaca/6k7+qwHSz26SFDWrY4Y=
26,0,J9XEAAicyZHsC64C+Vp1cqoXp14=,hNQb16D65qzs9TQ5Fp/KDf5jx0g=
0,1,zYZ1JxmsUL7ZE2p3XNXD1G2QXG8=,EPiM8ZwRaWUPXLlT7i/4KZzEYxE=
1,1,zYZ1JxmsUL7ZE2p3XNXD1G2QXG8=,8A38bfTKr8fMJGQjOJg7iBHCGdU=
2,1,zYZ1JxmsUL7ZE2p3XNXD1G2QXG8=,muwlvphbY688swCssujm3EPCaWs=
3,1,zYZ1JxmsUL7ZE2p3XNXD1G2QXG8=,birxwmBUmizCBdEgwl6S6gh4Ruw=
4,1,zYZ1JxmsUL7ZE2p3XNXD1G2QXG8=,su2yZoNi3B9dmLJencxjaGNOWGo=
5,1,zYZ1JxmsUL7ZE2p3XNXD1G2QXG8=,Rapb9uTa5HDF6LY0SkFr0CWn7F8=
6,1,zYZ1JxmsUL7ZE2p3XNXD1G2QXG8=,jQoMSBf+eg2LTZIBfP4mOC5rA5k=
7,1,g6LSG0wPLzoF+VuhZPwdX3yYOQw=,BGgs2t1KAzZPTqSObrluCQsPnZY=
8,1,g6LSG0wPLzoF+VuhZPwdX3yYOQw=,V7kfKWBVjhenU345Dnqx03n0FN8=
9,1,g6LSG0wPLzoF+VuhZPwdX3yYOQw=,VdynoM3FQZ7iQO1E/n1Gbivm5VA=
10,1,g6LSG0wPLzoF+VuhZPwdX3yYOQw=,Bn4oUVYcPRHdim6fWB+vBGIsRq0=
11,1,g6LSG0wPLzoF+VuhZPwdX3yYOQw=,Tzb3PV6Qzs5gsJfDeShqf1QCRiA=
12,1,g6LSG0wPLzoF+VuhZPwdX3yYOQw=,Tzb3PV6Qzs5gsJfDeShqf1QCRiA=
13,1,g6LSG0wPLzoF+VuhZPwdX3yYOQw=,ae1Y8OyxZm9vhNpmP+MeEj1cyeE=
14,1,g6LSG0wPLzoF+VuhZPwdX3yYOQw=,1GvxJG304qPL0DFd3QltHJWomLs=
15,1,g6LSG0wPLzoF+VuhZPwdX3yYOQw=,Rvqi2osM6G6e3sJPKGJ1nNRx+vA=
0,2,RXBidd1dMVlScSJ5PE1E2TltcXo=,poot1dJGnIBAJz2da/MOIyizv7s=
1,2,RXBidd1dMVlScSJ5PE1E2TltcXo=,k2l2IvWO4nQRKsWDX/UNYIzjJ0Q=
2,2,RXBidd1dMVlScSJ5PE1E2TltcXo=,s1o/ArPW3Px7ceGUp9d/6o66CAY=
3,2,RXBidd1dMVlScSJ5PE1E2TltcXo=,e8DT0AIzS0O8QiDafoEJR+2a/SY=
4,2,RXBidd1dMVlScSJ5PE1E2TltcXo=,f9uSPmNhstaDxjKnn5n7uWUH/dQ=
5,2,RXBidd1dMVlScSJ5PE1E2TltcXo=,qrECjtQKcVF7IJrMzipzQqznQiE=
6,2,RXBidd1dMVlScSJ5PE1E2TltcXo=,vOGxRlbYSm1HLINWWqpu11v3bl4=
7,2,RXBidd1dMVlScSJ5PE1E2TltcXo=,XUVfkiUr23y2GvBwpd4aOBfp2rg=
8,2,RXBidd1dMVlScSJ5PE1E2TltcXo=,Wc2/9gb19uLXAsLzKKhkY4UfLck=
9,2,RXBidd1dMVlScSJ5PE1E2TltcXo=,tLVDToiterhb2yboqoDMVrel2Z4=
10,2,RXBidd1dMVlScSJ5PE1E2TltcXo=,o004xqJyxlsVN2dr8DCs4qVZKWo=
11,2,RXBidd1dMVlScSJ5PE1E2TltcXo=,wS0QabAKrhxM/A1oYOXRn/hh5so=
12,2,3l94hg2l/c5Uy4E3+69KFvab+AI=,wS0QabAKrhxM/A1oYOXRn/hh5so=
13,2,3l94hg2l/c5Uy4E3+69KFvab+AI=,xO+f70aNZh5z3icQ9mrZM9jFaSU=
14,2,3l94hg2l/c5Uy4E3+69KFvab+AI=,LOTooVfwXfebDDx8WtvexCcqe08=
15,2,3l94hg2l/c5Uy4E3+69KFvab+AI=,hWkYgu6S1jD+Sy+aZjw631Z+Nz8=
0,3,yVs7K94+sK+lvuUrdornm6ffvYk=,oe67Bj+LDAGlF9DiTiMA6jB0vVA=
1,3,yVs7K94+sK+lvuUrdornm6ffvYk=,XBM2FNnCTkIUV9kaR0hNmctByMQ=
2,3,yVs7K94+sK+lvuUrdornm6ffvYk=,68w1wkI3aJgBHPXUzGeNz5ma4AI=
3,3,yVs7K94+sK+lvuUrdornm6ffvYk=,e8DT0AIzS0O8QiDafoEJR+2a/SY=
4,3,yVs7K94+sK+lvuUrdornm6ffvYk=,2OBuObiFu9EmG6QlsikEN9ijr3Q=
5,3,yVs7K94+sK+lvuUrdornm6ffvYk=,Shkx9W15GaxVgJlipdUcNjEzQfQ=
6,3,yVs7K94+sK+lvuUrdornm6ffvYk=,0eF6d3dXbgV9MmDEAVzCSMfJ8iM=
7,3,yVs7K94+sK+lvuUrdornm6ffvYk=,AVVTqNoBFYXVegETcVlD28/ZX6I=
8,3,yVs7K94+sK+lvuUrdornm6ffvYk=,YVPoBJZk7YCkjUYM2c77EYm9VMY=
9,3,yVs7K94+sK+lvuUrdornm6ffvYk=,37JopwkLbnPbFSumhr8Nw93u5q8=
10,3,yVs7K94+sK+lvuUrdornm6ffvYk=,GbuUlQw1ux8+oH3TcXgaKGWMLfw=
11,3,yVs7K94+sK+lvuUrdornm6ffvYk=,4parQS7+cIOA9W3XLkgRXZwSnAA=
12,3,yVs7K94+sK+lvuUrdornm6ffvYk=,wS0QabAKrhxM/A1oYOXRn/hh5so=
13,3,yVs7K94+sK+lvuUrdornm6ffvYk=,MjnISi/c3e8Jn+sYNZboiIw7GhQ=
14,3,yVs7K94+sK+lvuUrdornm6ffvYk=,BMCQwa2fZHBqCWDXZmbuC9tHlBU=
15,3,yVs7K94+sK+lvuUrdornm6ffvYk=,6GFGKJS9oQmKeHKvayIPWNSWt0w=
18,3,yVs7K94+sK+lvuUrdornm6ffvYk=,SMJxRahy/+/HpYYaA5vYlAIaTTQ=
20,3,yVs7K94+sK+lvuUrdornm6ffvYk=,wFFH5I9r/4kxjkanyL5i/zQ75jA=
26,3,yVs7K94+sK+lvuUrdornm6ffvYk=,hNQb16D65qzs9TQ5Fp/KDf5jx0g=
0,4,81TeMLnEDmPF2LiTE1wHP6hwD7Q=,oe67Bj+LDAGlF9DiTiMA6jB0vVA=
1,4,81TeMLnEDmPF2LiTE1wHP6hwD7Q=,48umtQj7choWMsIPuo1SC6bR3TY=
2,4,81TeMLnEDmPF2LiTE1wHP6hwD7Q=,g7Ao+Ffsd0cEx0vaenq06u0G0hA=
3,4,81TeMLnEDmPF2LiTE1wHP6hwD7Q=,g2w1VJ6vRrz9s5j0cNHVzTVijtE=
4,4,81TeMLnEDmPF2LiTE1wHP6hwD7Q=,2OBuObiFu9EmG6QlsikEN9ijr3Q=
5,4,81TeMLnEDmPF2LiTE1wHP6hwD7Q=,OhZgo3LpBcytZiwmBsM+jOZV1mM=
6,4,81TeMLnEDmPF2LiTE1wHP6hwD7Q=,+n+KqPcm6zZCMh4+EoF82aAGctk=
7,4,81TeMLnEDmPF2LiTE1wHP6hwD7Q=,L7DRhh+LzyJlIOfj0q2vXGr4XcQ=
8,4,81TeMLnEDmPF2LiTE1wHP6hwD7Q=,3v/FKv9nMeaz6Ig2mGURkeHdbzQ=
9,4,81TeMLnEDmPF2LiTE1wHP6hwD7Q=,o2uPqyV2bZdbvk1qa68KMXR0SDs=
10,4,81TeMLnEDmPF2LiTE1wHP6hwD7Q=,zZgahGZ8SQwJ1rnb4yf/0Et5nJU=
11,4,81TeMLnEDmPF2LiTE1wHP6hwD7Q=,C6WbS387mISP7i4y0gFnKNmzHa4=
12,4,i5JR84AkThTt/fI+O1R6pjUGm/c=,/Ys28TSlVdmcSTDRL1IWDq+VSH8=
13,4,i5JR84AkThTt/fI+O1R6pjUGm/c=,NqS7/kjKBU3D/DverXz3dIFZ2BM=
14,4,i5JR84AkThTt/fI+O1R6pjUGm/c=,pJs3nwVfmMYlIbmlv+Iu6tCzAoo=
15,4,i5JR84AkThTt/fI+O1R6pjUGm/c=,IHamwAy31OWKQoiNlAd4V23M5cg=
22,4,i5JR84AkThTt/fI+O1R6pjUGm/c=,aRXwe8bfsvLWUj4i676YCcf/XXg=
0,5,+uTqA+O2yvqLfX6YXbTBWYYKooU=,AGQ+4sCqxfMy3QQSfHE/Zno8J88=
1,5,+uTqA+O2yvqLfX6YXbTBWYYKooU=,dPo2brJLzr6Qy0GYfStNbwrpqBU=
2,5,+uTqA+O2yvqLfX6YXbTBWYYKooU=,10+85aQw6KqlIa+WeS4Nktu5EW4=
3,5,+uTqA+O2yvqLfX6YXbTBWYYKooU=,1LtfNCjTeHv2CM5pRWsl9USCwcE=
4,5,+uTqA+O2yvqLfX6YXbTBWYYKooU=,2OBuObiFu9EmG6QlsikEN9ijr3Q=
5,5,+uTqA+O2yvqLfX6YXbTBWYYKooU=,jCW0rqR+FSdx+TfNPsCjgnZHu9M=
6,5,+uTqA+O2yvqLfX6YXbTBWYYKooU=,cUhHwYrIopae/pHxTI+6Mta32IM=
7,5,+uTqA+O2yvqLfX6YXbTBWYYKooU=,+2RLmbuNgnBwYoAM35boJK8zTIM=
8,5,+uTqA+O2yvqLfX6YXbTBWYYKooU=,348K7bG+pBvDnr62hVP1Lj1b0L0=
9,5,+uTqA+O2yvqLfX6YXbTBWYYKooU=,H/WUYDmdoPSYEgWgX44WCP5V1Gk=
10,5,+uTqA+O2yvqLfX6YXbTBWYYKooU=,KOLSpoHNTKU/dWRsfHn9RDqtaMg=
11,5,+uTqA+O2yvqLfX6YXbTBWYYKooU=,Ou0nhuZNhRJHdw/HZj1iWp3JU6c=
12,5,+uTqA+O2yvqLfX6YXbTBWYYKooU=,DK+sTTaoYM/Iqw1bxe2NtFD45zw=
13,5,+uTqA+O2yvqLfX6YXbTBWYYKooU=,84yp+I1+64g1Gr+rPU5jKR4iRCY=
14,5,+uTqA+O2yvqLfX6YXbTBWYYKooU=,WhF0m4srd0+p0rl7AUYACLBDZB4=
15,5,+uTqA+O2yvqLfX6YXbTBWYYKooU=,ch3W7TW1Ae9j4nB7TGFaRzBmonM=
16,5,+uTqA+O2yvqLfX6YXbTBWYYKooU=,SMJxRahy/+/HpYYaA5vYlAIaTTQ=
23,5,gBbn3AacbhjZroqYo4jvW/V1BEs=,Sd02rUR0hZcdh6I0eUHRKXMHZoM=
25,5,gBbn3AacbhjZroqYo4jvW/V1BEs=,hNQb16D65qzs9TQ5Fp/KDf5jx0g=
0,6,Sip3/TInL3hV2WLc8Sn1pyoR28M=,cs+Ob6U9x1mojzjZ/h8QhN3hlE4=
1,6,Sip3/TInL3hV2WLc8Sn1pyoR28M=,Br6K53EQxhjjRzAncr+d78OOiec=
2,6,Sip3/TInL3hV2WLc8Sn1pyoR28M=,6R0NYZlxPt+OjWHTyf9nU67L5ys=
3,6,Sip3/TInL3hV2WLc8Sn1pyoR28M=,5tEcou3oUCBT+Mrv+nfpCKDxNlA=
4,6,qryfOVN0z+wo0gwC9nFX8XYW5/0=,3TQiRipIwQn4Qgg+hYT4oB1J7qI=
5,6,qryfOVN0z+wo0gwC9nFX8XYW5/0=,i7mw0JFcpgrltffpLVDSrBVQhfg=
6,6,qryfOVN0z+wo0gwC9nFX8XYW5/0=,cUhHwYrIopae/pHxTI+6Mta32IM=
7,6,qryfOVN0z+wo0gwC9nFX8XYW5/0=,ubblK5o82xdbz4Ee91lLqXBcY98=
8,6,qryfOVN0z+wo0gwC9nFX8XYW5/0=,7An4MtEkd7IHtVRQbN6Uio5b+Z0=
9,6,qryfOVN0z+wo0gwC9nFX8XYW5/0=,/456yg93Y3N7tfNk8uTpDz2Sbkw=
10,6,qryfOVN0z+wo0gwC9nFX8XYW5/0=,/GkPw5Db+WCTe61vn0jvqsi6IkM=
11,6,qryfOVN0z+wo0gwC9nFX8XYW5/0=,nVNTHWx7B+C/oSKd2JcvmTUF+mE=
12,6,qryfOVN0z+wo0gwC9nFX8XYW5/0=,NSVvW/bMIOchmfw6S4Rw5ZSNqRs=
13,6,qryfOVN0z+wo0gwC9nFX8XYW5/0=,hx7ibabX7KvR2iIzyn65+QwdCMI=
14,6,qryfOVN0z+wo0gwC9nFX8XYW5/0=,0qgrTrf/TvJMmr4p3yIbHcvmOls=
15,6,qryfOVN0z+wo0gwC9nFX8XYW5/0=,JAaffTqkUFVNmaw6Mlov93qUytI=
16,6,3fGgTDNRYJYHQRV87l9+LSypr9E=,SMJxRahy/+/HpYYaA5vYlAIaTTQ=
17,6,3fGgTDNRYJYHQRV87l9+LSypr9E=,SMJxRahy/+/HpYYaA5vYlAIaTTQ=
18,6,3fGgTDNRYJYHQRV87l9+LSypr9E=,SMJxRahy/+/HpYYaA5vYlAIaTTQ=
21,6,3fGgTDNRYJYHQRV87l9+LSypr9E=,p7gurNRT9cSY42WDVqEwP/5rvcY=
0,7,3fGgTDNRYJYHQRV87l9+LSypr9E=,UzZsIvL1vInff4IUdyMpW1FurR4=
1,7,3fGgTDNRYJYHQRV87l9+LSypr9E=,SpN1+H+v2+TWrupJ3x7GmBC8F98=
2,7,3fGgTDNRYJYHQRV87l9+LSypr9E=,n7B+mbFR67Ie+YgCgaQXxJS+PVg=
3,7,OSPH8PEi9LpSFqTpADhp39TT660=,YE7SAT+c6z5y1FjlEBVKz/xuJrc=
4,7,OSPH8PEi9LpSFqTpADhp39TT660=,N1SPkONsowODGADcJ6A1D0PMCdw=
5,7,OSPH8PEi9LpSFqTpADhp39TT660=,F13GBPiHut1Hjds5LzScyqdtjbs=
6,7,OSPH8PEi9LpSFqTpADhp39TT660=,D1ZdmFPCZ2TS6xQqpcsOQHpDgAE=
7,7,OSPH8PEi9LpSFqTpADhp39TT660=,X62Q0ZeTQS4BRJ/V9VJ9ZnUM7FE=
8,7,OSPH8PEi9LpSFqTpADhp39TT660=,q+ddY4WOL62owszSb+808J9XjrU=
9,7,OSPH8PEi9LpSFqTpADhp39TT660=,ov8B907zat4dgnTBeNNlIOfhYjk=
10,7,OSPH8PEi9LpSFqTpADhp39TT660=,rlbQy7raVzGhn80Y/gUILfkJWOQ=
11,7,XnvICj0fQDOKdaoK5ttAv92FFKE=,F6TA2yBmqfLXo5W1Bfdy9HcDYqk=
12,7,XnvICj0fQDOKdaoK5ttAv92FFKE=,SCPrH/9di53aD8JLcQbbbBmls/4=
13,7,XnvICj0fQDOKdaoK5ttAv92FFKE=,/N2lXBqdlqJIXclbCoE/ZK0wzF0=
14,7,XnvICj0fQDOKdaoK5ttAv92FFKE=,a4OLWYnvJ0Sus/eEgwAqOKmFdwM=
15,7,XnvICj0fQDOKdaoK5ttAv92FFKE=,TBQSO/wvzT1LKQWQky6Yy8fYk+M=
16,7,XnvICj0fQDOKdaoK5ttAv92FFKE=,asGgKZgSt8VrocAGDQlwmlVCv6s=
17,7,XnvICj0fQDOKdaoK5ttAv92FFKE=,db+1PfN1e9rs+YfbXZpBmD/G6no=
20,7,XnvICj0fQDOKdaoK5ttAv92FFKE=,TM+Ul9x6OumtlcDkuYP/E5Ygnk4=
25,7,XnvICj0fQDOKdaoK5ttAv92FFKE=,hNQb16D65qzs9TQ5Fp/KDf5jx0g=
0,8,yBLbHW64G9ZARB0xq8gRi/h4swc=,ie9BXNyd/in7TIZFJJ75jDGjXiQ=
1,8,yBLbHW64G9ZARB0xq8gRi/h4swc=,ie9BXNyd/in7TIZFJJ75jDGjXiQ=
2,8,yBLbHW64G9ZARB0xq8gRi/h4swc=,JUg5sBvJ1pk2epbvuoaek03UaOk=
3,8,yBLbHW64G9ZARB0xq8gRi/h4swc=,2YKvhtcsk92U6jw/tfbT4ofN5c0=
4,8,yBLbHW64G9ZARB0xq8gRi/h4swc=,KI7nflY5b/Uob2Oe1/RaRuXmlbw=
5,8,yBLbHW64G9ZARB0xq8gRi/h4swc=,u8nV5rp8/f79fcfi/HBR4XVN4qo=
6,8,yBLbHW64G9ZARB0xq8gRi/h4swc=,HdhP9G6z0ZtxL4s82RpbURBuUqw=
7,8,yBLbHW64G9ZARB0xq8gRi/h4swc=,omQ2kB5pM4S9G+6EuwSciNzF7JE=
8,8,yBLbHW64G9ZARB0xq8gRi/h4swc=,ECLehhirDtwtpsCdeg+734A6T5o=
9,8,MsRylOHFFPjIO1ki/LjZfz2nIqI=,IE7z62UV277mrLtYiDdEoHrVxYE=
10,8,MsRylOHFFPjIO1ki/LjZfz2nIqI=,QRFADRRrV/YUyQialWutikCZB4I=
11,8,MsRylOHFFPjIO1ki/LjZfz2nIqI=,QRFADRRrV/YUyQialWutikCZB4I=
12,8,MsRylOHFFPjIO1ki/LjZfz2nIqI=,p8ZmYqZmWHwfDHOf8GCPhd8co18=
13,8,MsRylOHFFPjIO1ki/LjZfz2nIqI=,QRFADRRrV/YUyQialWutikCZB4I=
16,8,MsRylOHFFPjIO1ki/LjZfz2nIqI=,yrIs52KpAgTtwxg16VepQN+N8tw=
18,8,MsRylOHFFPjIO1ki/LjZfz2nIqI=,yrIs52KpAgTtwxg16VepQN+N8tw=
22,8,MsRylOHFFPjIO1ki/LjZfz2nIqI=,yrIs52KpAgTtwxg16VepQN+N8tw=
0,9,MsRylOHFFPjIO1ki/LjZfz2nIqI=,ksnENtvm9ecQQvtF3Xe0J+vLqws=
1,9,MsRylOHFFPjIO1ki/LjZfz2nIqI=,JUg5sBvJ1pk2epbvuoaek03UaOk=
0,10,V5MuvbHARhCLrKsl5B2/nnyO+jM=,4R1/kb26ATWdMMIrRbR9GeZeoQE=
8,10,V5MuvbHARhCLrKsl5B2/nnyO+jM=,eA3odoRSBHlZyO87G6+V3zLGpCE=
18,10,V5MuvbHARhCLrKsl5B2/nnyO+jM=,yrIs52KpAgTtwxg16VepQN+N8tw=
20,10,V5MuvbHARhCLrKsl5B2/nnyO+jM=,sAaDUmnXh0hoevm70WBRsCZ4K5M=
25,10,V5MuvbHARhCLrKsl5B2/nnyO+jM=,hNQb16D65qzs9TQ5Fp/KDf5jx0g=
3,11,V5MuvbHARhCLrKsl5B2/nnyO+jM=,nbLzReQFmSyg1iOQjujl2wIRqHk=
5,11,V5MuvbHARhCLrKsl5B2/nnyO+jM=,bcELQmBnBYu4iYBuJP92Y+XluT0=
10,11,V5MuvbHARhCLrKsl5B2/nnyO+jM=,ysTAlSMge2jGOr1kGtzKwfGYu/Q=
13,11,V5MuvbHARhCLrKsl5B2/nnyO+jM=,eA3odoRSBHlZyO87G6+V3zLGpCE=
15,11,V5MuvbHARhCLrKsl5B2/nnyO+jM=,OCXTiDMFyr+ADW5M9r3JD0izCqY=
23,11,V5MuvbHARhCLrKsl5B2/nnyO+jM=,latjwzLn3CMP+paU9y0TBTo95As=
21,12,V5MuvbHARhCLrKsl5B2/nnyO+jM=,FVsymdfem6vQe6dzgzv12c6uAl4=
1,13,M57+6RUSGOyiH/oKjr9BXfvdn70=,L+0qxQnGJF/GivI1zTuYriHXu+Y=
3,13,M57+6RUSGOyiH/oKjr9BXfvdn70=,bcELQmBnBYu4iYBuJP92Y+XluT0=
6,13,M57+6RUSGOyiH/oKjr9BXfvdn70=,cQy3AaDMKNP5neHAlYFraYz+0+A=
8,13,M57+6RUSGOyiH/oKjr9BXfvdn70=,eA3odoRSBHlZyO87G6+V3zLGpCE=
10,13,M57+6RUSGOyiH/oKjr9BXfvdn70=,QRFADRRrV/YUyQialWutikCZB4I=
13,13,M57+6RUSGOyiH/oKjr9BXfvdn70=,+5gOFYDfTZyTtAAt+5RHDY5JSH4=
15,13,M57+6RUSGOyiH/oKjr9BXfvdn70=,QRFADRRrV/YUyQialWutikCZB4I=
18,13,M57+6RUSGOyiH/oKjr9BXfvdn70=,yrIs52KpAgTtwxg16VepQN+N8tw=
26,13,M57+6RUSGOyiH/oKjr9BXfvdn70=,b4IbtiB0Zo3DP2/ai070XNr8B/o=
23,14,M57+6RUSGOyiH/oKjr9BXfvdn70=,w+egjlplDlCzxozzeJPhwIoNWE0=
3,15,M57+6RUSGOyiH/oKjr9BXfvdn70=,jqXvVlijNHNS1dPHCvdHY/sEuKE=
5,15,M57+6RUSGOyiH/oKjr9BXfvdn70=,bEO02zALMsFS1jDtdeNLEbOGxqE=
8,15,M57+6RUSGOyiH/oKjr9BXfvdn70=,eA3odoRSBHlZyO87G6+V3zLGpCE=
12,15,M57+6RUSGOyiH/oKjr9BXfvdn70=,7OnARzatSmlgStiAZR91s0hBt9Y=
1,16,2A9O4qKuUyOg8XaOJjNrrMLMlHQ=,lSWcZAbk/20euadqtMGLBQK49BQ=
11,16,2A9O4qKuUyOg8XaOJjNrrMLMlHQ=,qEkqPhHHsgW7BlQNCHmQEIruSu0=
16,16,2A9O4qKuUyOg8XaOJjNrrMLMlHQ=,InnheL2KsAED30rvtMU1hHjpj90=
18,16,2A9O4qKuUyOg8XaOJjNrrMLMlHQ=,uInRPXBNxfXElkjE4iDixDs31IA=
21,16,2A9O4qKuUyOg8XaOJjNrrMLMlHQ=,InnheL2KsAED30rvtMU1hHjpj90=
23,16,2A9O4qKuUyOg8XaOJjNrrMLMlHQ=,//6rmHmtzqUP5f0YlM3OiFOImec=
26,16,2A9O4qKuUyOg8XaOJjNrrMLMlHQ=,b4IbtiB0Zo3DP2/ai070XNr8B/o=
5,17,2A9O4qKuUyOg8XaOJjNrrMLMlHQ=,ApkaO62qG2xUpB3H2ACm0zSeWGw=
12,17,2A9O4qKuUyOg8XaOJjNrrMLMlHQ=,5QAcJLCBQDmJCVfuVRhpE+pHDHE=
0,18,K5a1lMDn8F+WeyL5tPzZX/aMzSM=,lSWcZAbk/20euadqtMGLBQK49BQ=
3,18,K5a1lMDn8F+WeyL5tPzZX/aMzSM=,lSWcZAbk/20euadqtMGLBQK49BQ=
8,18,K5a1lMDn8F+WeyL5tPzZX/aMzSM=,fdAASzlRlWq0LiDGwF6hqXuyfI8=
10,18,K5a1lMDn8F+WeyL5tPzZX/aMzSM=,fdAASzlRlWq0LiDGwF6hqXuyfI8=
15,18,K5a1lMDn8F+WeyL5tPzZX/aMzSM=,fdAASzlRlWq0LiDGwF6hqXuyfI8=
18,18,K5a1lMDn8F+WeyL5tPzZX/aMzSM=,6Vqs8TZm/ekZaS5FKnSsWR6PTJw=
20,18,K5a1lMDn8F+WeyL5tPzZX/aMzSM=,HPRKfjcj0fxL8Y/fEyR8qkymcOY=
25,18,K5a1lMDn8F+WeyL5tPzZX/aMzSM=,b4IbtiB0Zo3DP2/ai070XNr8B/o=
0,19,K5a1lMDn8F+WeyL5tPzZX/aMzSM=,lSWcZAbk/20euadqtMGLBQK49BQ=
1,19,K5a1lMDn8F+WeyL5tPzZX/aMzSM=,4pVWRsLFaQ5U3fHdA54dX6Q0R4M=
23,19,K5a1lMDn8F+WeyL5tPzZX/aMzSM=,/7TbYzERbh18ID9yxJDxtU4FS90=
0,20,K5a1lMDn8F+WeyL5tPzZX/aMzSM=,xE150LxK7M1zxznP/CQabDwgB0s=
1,20,K5a1lMDn8F+WeyL5tPzZX/aMzSM=,FB4SvhjYpho6e+uqzuo9syynZqs=
3,20,K5a1lMDn8F+WeyL5tPzZX/aMzSM=,EwJKGqpRCHVrOfDt2Pjbr9rlapg=
16,20,K5a1lMDn8F+WeyL5tPzZX/aMzSM=,uInRPXBNxfXElkjE4iDixDs31IA=
18,20,K5a1lMDn8F+WeyL5tPzZX/aMzSM=,rl6KnsXCIwlpoODJ2FFbSpFCCcM=
20,20,qs5wc+02+j1YrkNPhxFGnfm7Rm8=,QPctwjtefFEqSSAXKiVqEK3mjLo=
23,20,qs5wc+02+j1YrkNPhxFGnfm7Rm8=,qWmFkHrxXax7MfMwRBvZJAQEHWk=
0,21,qs5wc+02+j1YrkNPhxFGnfm7Rm8=,Fm9YacorXQVNzVSY9mjFtofi8GY=
6,21,qs5wc+02+j1YrkNPhxFGnfm7Rm8=,7Fey+kCE80AjmkLX49p+Y+L/QWA=
7,21,qs5wc+02+j1YrkNPhxFGnfm7Rm8=,8WG3rP+362P/XgmHpdeBlIynlbo=
10,21,qs5wc+02+j1YrkNPhxFGnfm7Rm8=,fdAASzlRlWq0LiDGwF6hqXuyfI8=
13,21,qs5wc+02+j1YrkNPhxFGnfm7Rm8=,bqVtmyAdXsWP66Ly3WMrtuij8cM=
6,22,qs5wc+02+j1YrkNPhxFGnfm7Rm8=,ksZECs71G91spPjfvRVsYyyMkEk=
15,22,qs5wc+02+j1YrkNPhxFGnfm7Rm8=,+A67b11cS9B9Q0h/jbv1Qkg6I+M=
0,23,0EUyxbglfghsKWWyHMZrEiBS8J8=,BWD90cD1D1UQgE7/SGNMXueJUck=
1,23,0EUyxbglfghsKWWyHMZrEiBS8J8=,dWNdWUXk+fClA3DbV9SodqkTC9g=
2,23,0EUyxbglfghsKWWyHMZrEiBS8J8=,pqNZPjVYrqzRAiJHtLNoQfHXeUk=
3,23,0EUyxbglfghsKWWyHMZrEiBS8J8=,pqNZPjVYrqzRAiJHtLNoQfHXeUk=
4,23,0EUyxbglfghsKWWyHMZrEiBS8J8=,+4ktkC4R5ZVwO2pQEykGNolyQ2Q=
8,23,0EUyxbglfghsKWWyHMZrEiBS8J8=,fdAASzlRlWq0LiDGwF6hqXuyfI8=
10,23,0EUyxbglfghsKWWyHMZrEiBS8J8=,fdAASzlRlWq0LiDGwF6hqXuyfI8=
13,23,0EUyxbglfghsKWWyHMZrEiBS8J8=,fdAASzlRlWq0LiDGwF6hqXuyfI8=
18,23,0EUyxbglfghsKWWyHMZrEiBS8J8=,InnheL2KsAED30rvtMU1hHjpj90=
21,23,0EUyxbglfghsKWWyHMZrEiBS8J8=,/7TbYzERbh18ID9yxJDxtU4FS90=
23,23,0EUyxbglfghsKWWyHMZrEiBS8J8=,Ch0CtXgLkpGc3mSdzu9Pv/li69I=
1,24,0EUyxbglfghsKWWyHMZrEiBS8J8=,4oOGj+Dy7zW9sfcxOi2hN6WJjEE=
2,24,0EUyxbglfghsKWWyHMZrEiBS8J8=,4oOGj+Dy7zW9sfcxOi2hN6WJjEE=
3,24,0EUyxbglfghsKWWyHMZrEiBS8J8=,CfVsXETbAILqmsK2ZgsIF1H3Oc8=
5,28,0EUyxbglfghsKWWyHMZrEiBS8J8=,4oOGj+Dy7zW9sfcxOi2hN6WJjEE=
6,28,0EUyxbglfghsKWWyHMZrEiBS8J8=,4oOGj+Dy7zW9sfcxOi2hN6WJjEE=
5,29,0EUyxbglfghsKWWyHMZrEiBS8J8=,4oOGj+Dy7zW9sfcxOi2hN6WJjEE=
6,29,5nelIH4W1LajC8Qn0IHv3JDnOBg=,4oOGj+Dy7zW9sfcxOi2hN6WJjEE=
